path,title,suggested_slug,goal,week,day,kind,tier,technologies,file_count,size_bytes,lines,source_files,entry_points,has_readme,readme_path,test_files,syntax_errors,completion_score,quality_score
Week1Python/Day1StartingwithPython/DailyChallenge/BuildUpAString,BuildUpAString,week1python-day1startingwithpython-dailychallenge-buildupastring,Review this indexed source against the official assignment; runtime behavior and Kevin's learning evidence remain unverified.,Week1Python,Day1StartingwithPython,Daily Challenge,,Python,2,12222,449,Week1Python/Day1StartingwithPython/DailyChallenge/BuildUpAString/buildupastring.py,Week1Python/Day1StartingwithPython/DailyChallenge/BuildUpAString/buildupastring.py,True,Week1Python/Day1StartingwithPython/DailyChallenge/BuildUpAString/README.md,,,unverified,unverified
Week1Python/Day1StartingwithPython/Exercises/ExercisesXP,ExercisesXP,week1python-day1startingwithpython-exercises-exercisesxp,Review this indexed source against the official assignment; runtime behavior and Kevin's learning evidence remain unverified.,Week1Python,Day1StartingwithPython,Exercise,XP,Python,2,17277,605,Week1Python/Day1StartingwithPython/Exercises/ExercisesXP/exercisesxp.py,Week1Python/Day1StartingwithPython/Exercises/ExercisesXP/exercisesxp.py,True,Week1Python/Day1StartingwithPython/Exercises/ExercisesXP/README.md,,,unverified,unverified
Week1Python/Day1StartingwithPython/Exercises/ExercisesXPGold,ExercisesXPGold,week1python-day1startingwithpython-exercises-exercisesxpgold,Review this indexed source against the official assignment; runtime behavior and Kevin's learning evidence remain unverified.,Week1Python,Day1StartingwithPython,Exercise,XP Gold,Python,2,11317,359,Week1Python/Day1StartingwithPython/Exercises/ExercisesXPGold/exercisesxpgold.py,Week1Python/Day1StartingwithPython/Exercises/ExercisesXPGold/exercisesxpgold.py,True,Week1Python/Day1StartingwithPython/Exercises/ExercisesXPGold/README.md,,,unverified,unverified
Week1Python/Day1StartingwithPython/Exercises/ExercisesXPNinja,ExercisesXPNinja,week1python-day1startingwithpython-exercises-exercisesxpninja,Review this indexed source against the official assignment; runtime behavior and Kevin's learning evidence remain unverified.,Week1Python,Day1StartingwithPython,Exercise,XP Ninja,Python,2,14540,402,Week1Python/Day1StartingwithPython/Exercises/ExercisesXPNinja/exercisesxpninja.py,Week1Python/Day1StartingwithPython/Exercises/ExercisesXPNinja/exercisesxpninja.py,True,Week1Python/Day1StartingwithPython/Exercises/ExercisesXPNinja/README.md,,,unverified,unverified
Week1Python/Day2ListsIteratingAndFormattingData/DailyChallenge/GoldHappyBirthday,GoldHappyBirthday,week1python-day2listsiteratingandformattingdata-dailychallenge-goldhappybirthday,Review this indexed source against the official assignment; runtime behavior and Kevin's learning evidence remain unverified.,Week1Python,Day2ListsIteratingAndFormattingData,Daily Challenge,,Python,2,8459,278,Week1Python/Day2ListsIteratingAndFormattingData/DailyChallenge/GoldHappyBirthday/happybirthday.py,Week1Python/Day2ListsIteratingAndFormattingData/DailyChallenge/GoldHappyBirthday/happybirthday.py,True,Week1Python/Day2ListsIteratingAndFormattingData/DailyChallenge/GoldHappyBirthday/README.md,,,unverified,unverified
Week1Python/Day2ListsIteratingAndFormattingData/DailyChallenge/ListAndStrings,ListAndStrings,week1python-day2listsiteratingandformattingdata-dailychallenge-listandstrings,Review this indexed source against the official assignment; runtime behavior and Kevin's learning evidence remain unverified.,Week1Python,Day2ListsIteratingAndFormattingData,Daily Challenge,,Python,2,9125,336,Week1Python/Day2ListsIteratingAndFormattingData/DailyChallenge/ListAndStrings/dailychallengelistandstrings.py,Week1Python/Day2ListsIteratingAndFormattingData/DailyChallenge/ListAndStrings/dailychallengelistandstrings.py,True,Week1Python/Day2ListsIteratingAndFormattingData/DailyChallenge/ListAndStrings/README.md,,,unverified,unverified
Week1Python/Day2ListsIteratingAndFormattingData/Exercises/ExercisesXP,ExercisesXP,week1python-day2listsiteratingandformattingdata-exercises-exercisesxp,Review this indexed source against the official assignment; runtime behavior and Kevin's learning evidence remain unverified.,Week1Python,Day2ListsIteratingAndFormattingData,Exercise,XP,Python,2,15254,503,Week1Python/Day2ListsIteratingAndFormattingData/Exercises/ExercisesXP/exercisesxp.py,Week1Python/Day2ListsIteratingAndFormattingData/Exercises/ExercisesXP/exercisesxp.py,True,Week1Python/Day2ListsIteratingAndFormattingData/Exercises/ExercisesXP/README.md,,,unverified,unverified
Week1Python/Day2ListsIteratingAndFormattingData/Exercises/ExercisesXPGold,ExercisesXPGold,week1python-day2listsiteratingandformattingdata-exercises-exercisesxpgold,Review this indexed source against the official assignment; runtime behavior and Kevin's learning evidence remain unverified.,Week1Python,Day2ListsIteratingAndFormattingData,Exercise,XP Gold,Python,2,11900,397,Week1Python/Day2ListsIteratingAndFormattingData/Exercises/ExercisesXPGold/exercisesxpgold.py,Week1Python/Day2ListsIteratingAndFormattingData/Exercises/ExercisesXPGold/exercisesxpgold.py,True,Week1Python/Day2ListsIteratingAndFormattingData/Exercises/ExercisesXPGold/README.md,,,unverified,unverified
Week1Python/Day2ListsIteratingAndFormattingData/Exercises/ExercisesXPNinja,ExercisesXPNinja,week1python-day2listsiteratingandformattingdata-exercises-exercisesxpninja,Review this indexed source against the official assignment; runtime behavior and Kevin's learning evidence remain unverified.,Week1Python,Day2ListsIteratingAndFormattingData,Exercise,XP Ninja,Python,2,15113,532,Week1Python/Day2ListsIteratingAndFormattingData/Exercises/ExercisesXPNinja/exercisesxpninja.py,Week1Python/Day2ListsIteratingAndFormattingData/Exercises/ExercisesXPNinja/exercisesxpninja.py,True,Week1Python/Day2ListsIteratingAndFormattingData/Exercises/ExercisesXPNinja/README.md,,,unverified,unverified
Week1Python/Day3Dictionaries/DailyChallenge/CaesarCypher,CaesarCypher,week1python-day3dictionaries-dailychallenge-caesarcypher,Review this indexed source against the official assignment; runtime behavior and Kevin's learning evidence remain unverified.,Week1Python,Day3Dictionaries,Daily Challenge,,Python,2,8119,263,Week1Python/Day3Dictionaries/DailyChallenge/CaesarCypher/caesarcipher.py,Week1Python/Day3Dictionaries/DailyChallenge/CaesarCypher/caesarcipher.py,True,Week1Python/Day3Dictionaries/DailyChallenge/CaesarCypher/README.md,,,unverified,unverified
Week1Python/Day3Dictionaries/DailyChallenge/Dictionaries,Dictionaries,week1python-day3dictionaries-dailychallenge-dictionaries,Review this indexed source against the official assignment; runtime behavior and Kevin's learning evidence remain unverified.,Week1Python,Day3Dictionaries,Daily Challenge,,Python,2,16740,684,Week1Python/Day3Dictionaries/DailyChallenge/Dictionaries/dictionaries.py,Week1Python/Day3Dictionaries/DailyChallenge/Dictionaries/dictionaries.py,True,Week1Python/Day3Dictionaries/DailyChallenge/Dictionaries/README.md,,,unverified,unverified
Week1Python/Day3Dictionaries/Exercises/ExercisesXP,ExercisesXP,week1python-day3dictionaries-exercises-exercisesxp,Review this indexed source against the official assignment; runtime behavior and Kevin's learning evidence remain unverified.,Week1Python,Day3Dictionaries,Exercise,XP,Python,2,23114,842,Week1Python/Day3Dictionaries/Exercises/ExercisesXP/exercisesxp.py,Week1Python/Day3Dictionaries/Exercises/ExercisesXP/exercisesxp.py,True,Week1Python/Day3Dictionaries/Exercises/ExercisesXP/README.md,,,unverified,unverified
Week1Python/Day3Dictionaries/Exercises/ExercisesXPGold,ExercisesXPGold,week1python-day3dictionaries-exercises-exercisesxpgold,Review this indexed source against the official assignment; runtime behavior and Kevin's learning evidence remain unverified.,Week1Python,Day3Dictionaries,Exercise,XP Gold,Python,2,7353,247,Week1Python/Day3Dictionaries/Exercises/ExercisesXPGold/exercisesxpgold.py,Week1Python/Day3Dictionaries/Exercises/ExercisesXPGold/exercisesxpgold.py,True,Week1Python/Day3Dictionaries/Exercises/ExercisesXPGold/README.md,,,unverified,unverified
Week1Python/Day3Dictionaries/Exercises/ExercisesXPNinja,ExercisesXPNinja,week1python-day3dictionaries-exercises-exercisesxpninja,Review this indexed source against the official assignment; runtime behavior and Kevin's learning evidence remain unverified.,Week1Python,Day3Dictionaries,Exercise,XP Ninja,Python,2,6495,209,Week1Python/Day3Dictionaries/Exercises/ExercisesXPNinja/xpninjacars.py,Week1Python/Day3Dictionaries/Exercises/ExercisesXPNinja/xpninjacars.py,True,Week1Python/Day3Dictionaries/Exercises/ExercisesXPNinja/readme.md,,,unverified,unverified
Week1Python/Day3Dictionaries/Exercises/ExercisesXPPlus,ExercisesXPPlus,week1python-day3dictionaries-exercises-exercisesxpplus,Review this indexed source against the official assignment; runtime behavior and Kevin's learning evidence remain unverified.,Week1Python,Day3Dictionaries,Exercise,XP Plus,Python,2,13590,430,Week1Python/Day3Dictionaries/Exercises/ExercisesXPPlus/exercisesxpplus.py,Week1Python/Day3Dictionaries/Exercises/ExercisesXPPlus/exercisesxpplus.py,True,Week1Python/Day3Dictionaries/Exercises/ExercisesXPPlus/README.md,,,unverified,unverified
Week1Python/Day3Dictionaries/Exercises/TimedChallenge1,TimedChallenge1,week1python-day3dictionaries-exercises-timedchallenge1,Review this indexed source against the official assignment; runtime behavior and Kevin's learning evidence remain unverified.,Week1Python,Day3Dictionaries,Timed Challenge,,Python,2,3205,120,Week1Python/Day3Dictionaries/Exercises/TimedChallenge1/timedsentence.py,Week1Python/Day3Dictionaries/Exercises/TimedChallenge1/timedsentence.py,True,Week1Python/Day3Dictionaries/Exercises/TimedChallenge1/readme.md,,,unverified,unverified
Week1Python/Day3Dictionaries/Exercises/TimedChallenge2,TimedChallenge2,week1python-day3dictionaries-exercises-timedchallenge2,Review this indexed source against the official assignment; runtime behavior and Kevin's learning evidence remain unverified.,Week1Python,Day3Dictionaries,Timed Challenge,,Python,2,3563,137,Week1Python/Day3Dictionaries/Exercises/TimedChallenge2/perfectnumber.py,Week1Python/Day3Dictionaries/Exercises/TimedChallenge2/perfectnumber.py,True,Week1Python/Day3Dictionaries/Exercises/TimedChallenge2/readme.md,,,unverified,unverified
Week1Python/Day4Functions/DailyChallenge/SolveTheMatrix,SolveTheMatrix,week1python-day4functions-dailychallenge-solvethematrix,Review this indexed source against the official assignment; runtime behavior and Kevin's learning evidence remain unverified.,Week1Python,Day4Functions,Daily Challenge,,Python,2,8108,329,Week1Python/Day4Functions/DailyChallenge/SolveTheMatrix/solvethematrix.py,Week1Python/Day4Functions/DailyChallenge/SolveTheMatrix/solvethematrix.py,True,Week1Python/Day4Functions/DailyChallenge/SolveTheMatrix/README.md,,,unverified,unverified
Week1Python/Day4Functions/Exercises/ExercisesXP,ExercisesXP,week1python-day4functions-exercises-exercisesxp,Review this indexed source against the official assignment; runtime behavior and Kevin's learning evidence remain unverified.,Week1Python,Day4Functions,Exercise,XP,Python,2,18608,657,Week1Python/Day4Functions/Exercises/ExercisesXP/exercisesxp.py,Week1Python/Day4Functions/Exercises/ExercisesXP/exercisesxp.py,True,Week1Python/Day4Functions/Exercises/ExercisesXP/README.md,,,unverified,unverified
Week1Python/Day4Functions/Exercises/ExercisesXPGold,ExercisesXPGold,week1python-day4functions-exercises-exercisesxpgold,Review this indexed source against the official assignment; runtime behavior and Kevin's learning evidence remain unverified.,Week1Python,Day4Functions,Exercise,XP Gold,Python,2,20644,825,Week1Python/Day4Functions/Exercises/ExercisesXPGold/xpgoldfunctions.py,Week1Python/Day4Functions/Exercises/ExercisesXPGold/xpgoldfunctions.py,True,Week1Python/Day4Functions/Exercises/ExercisesXPGold/README.md,,,unverified,unverified
Week1Python/Day4Functions/Exercises/ExercisesXPNinja,ExercisesXPNinja,week1python-day4functions-exercises-exercisesxpninja,Review this indexed source against the official assignment; runtime behavior and Kevin's learning evidence remain unverified.,Week1Python,Day4Functions,Exercise,XP Ninja,Python,2,14930,473,Week1Python/Day4Functions/Exercises/ExercisesXPNinja/xpninjafunctionssingle.py,Week1Python/Day4Functions/Exercises/ExercisesXPNinja/xpninjafunctionssingle.py,True,Week1Python/Day4Functions/Exercises/ExercisesXPNinja/README.md,,,unverified,unverified
Week1Python/Day4Functions/Exercises/TimedChallenge1,TimedChallenge1,week1python-day4functions-exercises-timedchallenge1,Review this indexed source against the official assignment; runtime behavior and Kevin's learning evidence remain unverified.,Week1Python,Day4Functions,Timed Challenge,,Python,2,5253,229,Week1Python/Day4Functions/Exercises/TimedChallenge1/countoccurence.py,Week1Python/Day4Functions/Exercises/TimedChallenge1/countoccurence.py,True,Week1Python/Day4Functions/Exercises/TimedChallenge1/readme.md,,,unverified,unverified
Week1Python/Day5MiniProject/DailyChallenge/AdvancedAlgorithm,AdvancedAlgorithm,week1python-day5miniproject-dailychallenge-advancedalgorithm,Review this indexed source against the official assignment; runtime behavior and Kevin's learning evidence remain unverified.,Week1Python,Day5MiniProject,Daily Challenge,,Python,5,15401,488,Week1Python/Day5MiniProject/DailyChallenge/AdvancedAlgorithm/main.py | Week1Python/Day5MiniProject/DailyChallenge/AdvancedAlgorithm/src/demodata.py | Week1Python/Day5MiniProject/DailyChallenge/AdvancedAlgorithm/src/pairs.py,Week1Python/Day5MiniProject/DailyChallenge/AdvancedAlgorithm/main.py,True,Week1Python/Day5MiniProject/DailyChallenge/AdvancedAlgorithm/README.md,,,unverified,unverified
Week1Python/Day5MiniProject/DailyChallenge/Challenges,Challenges,week1python-day5miniproject-dailychallenge-challenges,Review this indexed source against the official assignment; runtime behavior and Kevin's learning evidence remain unverified.,Week1Python,Day5MiniProject,Daily Challenge,,Python,2,9584,374,Week1Python/Day5MiniProject/DailyChallenge/Challenges/challenges.py,Week1Python/Day5MiniProject/DailyChallenge/Challenges/challenges.py,True,Week1Python/Day5MiniProject/DailyChallenge/Challenges/README.md,,,unverified,unverified
Week1Python/Day5MiniProject/Exercises/Challenges1,Challenges1,week1python-day5miniproject-exercises-challenges1,Review this indexed source against the official assignment; runtime behavior and Kevin's learning evidence remain unverified.,Week1Python,Day5MiniProject,Exercise,,Python,2,17610,610,Week1Python/Day5MiniProject/Exercises/Challenges1/challengessolutions.py,Week1Python/Day5MiniProject/Exercises/Challenges1/challengessolutions.py,True,Week1Python/Day5MiniProject/Exercises/Challenges1/README.md,,,unverified,unverified
Week1Python/Day5MiniProject/Exercises/Challenges2,Challenges2,week1python-day5miniproject-exercises-challenges2,Review this indexed source against the official assignment; runtime behavior and Kevin's learning evidence remain unverified.,Week1Python,Day5MiniProject,Exercise,,Python,5,14229,515,Week1Python/Day5MiniProject/Exercises/Challenges2/main.py | Week1Python/Day5MiniProject/Exercises/Challenges2/src/ex2analysis.py | Week1Python/Day5MiniProject/Exercises/Challenges2/src/patterns.py,Week1Python/Day5MiniProject/Exercises/Challenges2/main.py,True,Week1Python/Day5MiniProject/Exercises/Challenges2/README.md,,,unverified,unverified
Week1Python/Day5MiniProject/Exercises/Hangman,Hangman,week1python-day5miniproject-exercises-hangman,Review this indexed source against the official assignment; runtime behavior and Kevin's learning evidence remain unverified.,Week1Python,Day5MiniProject,Mini Project,,Python,6,31012,1091,Week1Python/Day5MiniProject/Exercises/Hangman/main.py | Week1Python/Day5MiniProject/Exercises/Hangman/src/art.py | Week1Python/Day5MiniProject/Exercises/Hangman/src/game.py | Week1Python/Day5MiniProject/Exercises/Hangman/src/words.py,Week1Python/Day5MiniProject/Exercises/Hangman/main.py,True,Week1Python/Day5MiniProject/Exercises/Hangman/README.md,,,unverified,unverified
Week1Python/Day5MiniProject/Exercises/TicTacToe,TicTacToe,week1python-day5miniproject-exercises-tictactoe,Review this indexed source against the official assignment; runtime behavior and Kevin's learning evidence remain unverified.,Week1Python,Day5MiniProject,Mini Project,,Python,2,6443,203,Week1Python/Day5MiniProject/Exercises/TicTacToe/tictactoe.py,Week1Python/Day5MiniProject/Exercises/TicTacToe/tictactoe.py,True,Week1Python/Day5MiniProject/Exercises/TicTacToe/README.md,,,unverified,unverified
Week2OOP/Day1IntroductiontoOOP/DailyChallenge,DailyChallenge,week2oop-day1introductiontooop-dailychallenge,Review this indexed source against the official assignment; runtime behavior and Kevin's learning evidence remain unverified.,Week2OOP,Day1IntroductiontoOOP,Daily Challenge,,Python,2,9142,290,Week2OOP/Day1IntroductiontoOOP/DailyChallenge/oldmcdonaldsfarm.py,Week2OOP/Day1IntroductiontoOOP/DailyChallenge/oldmcdonaldsfarm.py,True,Week2OOP/Day1IntroductiontoOOP/DailyChallenge/README.md,,,unverified,unverified
Week2OOP/Day1IntroductiontoOOP/Exercises/ExercisesXP,ExercisesXP,week2oop-day1introductiontooop-exercises-exercisesxp,Review this indexed source against the official assignment; runtime behavior and Kevin's learning evidence remain unverified.,Week2OOP,Day1IntroductiontoOOP,Exercise,XP,Python,2,23599,748,Week2OOP/Day1IntroductiontoOOP/Exercises/ExercisesXP/exercisesxp.py,Week2OOP/Day1IntroductiontoOOP/Exercises/ExercisesXP/exercisesxp.py,True,Week2OOP/Day1IntroductiontoOOP/Exercises/ExercisesXP/README.md,,,unverified,unverified
Week2OOP/Day1IntroductiontoOOP/Exercises/ExercisesXPGold,ExercisesXPGold,week2oop-day1introductiontooop-exercises-exercisesxpgold,Review this indexed source against the official assignment; runtime behavior and Kevin's learning evidence remain unverified.,Week2OOP,Day1IntroductiontoOOP,Exercise,XP Gold,Python,2,9677,281,Week2OOP/Day1IntroductiontoOOP/Exercises/ExercisesXPGold/exercisesxpgold.py,Week2OOP/Day1IntroductiontoOOP/Exercises/ExercisesXPGold/exercisesxpgold.py,True,Week2OOP/Day1IntroductiontoOOP/Exercises/ExercisesXPGold/readme.md,,,unverified,unverified
Week2OOP/Day1IntroductiontoOOP/Exercises/ExercisesXPNinja,ExercisesXPNinja,week2oop-day1introductiontooop-exercises-exercisesxpninja,Review this indexed source against the official assignment; runtime behavior and Kevin's learning evidence remain unverified.,Week2OOP,Day1IntroductiontoOOP,Exercise,XP Ninja,Python,2,7331,223,Week2OOP/Day1IntroductiontoOOP/Exercises/ExercisesXPNinja/exercisesxpninja.py,Week2OOP/Day1IntroductiontoOOP/Exercises/ExercisesXPNinja/exercisesxpninja.py,True,Week2OOP/Day1IntroductiontoOOP/Exercises/ExercisesXPNinja/readme.md,,,unverified,unverified
Week2OOP/Day2OOPInheritanceEncapsulationPolymorphism/DailyChallenge/Pagination,Pagination,week2oop-day2oopinheritanceencapsulationpolymorphism-dailychallenge-pagination,Review this indexed source against the official assignment; runtime behavior and Kevin's learning evidence remain unverified.,Week2OOP,Day2OOPInheritanceEncapsulationPolymorphism,Daily Challenge,,Python,2,5884,170,Week2OOP/Day2OOPInheritanceEncapsulationPolymorphism/DailyChallenge/Pagination/pagination.py,Week2OOP/Day2OOPInheritanceEncapsulationPolymorphism/DailyChallenge/Pagination/pagination.py,True,Week2OOP/Day2OOPInheritanceEncapsulationPolymorphism/DailyChallenge/Pagination/README.md,,,unverified,unverified
Week2OOP/Day2OOPInheritanceEncapsulationPolymorphism/Exercises/ExercisesXP,ExercisesXP,week2oop-day2oopinheritanceencapsulationpolymorphism-exercises-exercisesxp,Review this indexed source against the official assignment; runtime behavior and Kevin's learning evidence remain unverified.,Week2OOP,Day2OOPInheritanceEncapsulationPolymorphism,Exercise,XP,Python,2,7891,266,Week2OOP/Day2OOPInheritanceEncapsulationPolymorphism/Exercises/ExercisesXP/exercisesxp.py,Week2OOP/Day2OOPInheritanceEncapsulationPolymorphism/Exercises/ExercisesXP/exercisesxp.py,True,Week2OOP/Day2OOPInheritanceEncapsulationPolymorphism/Exercises/ExercisesXP/README.md,,,unverified,unverified
Week2OOP/Day2OOPInheritanceEncapsulationPolymorphism/Exercises/ExercisesXPGold,ExercisesXPGold,week2oop-day2oopinheritanceencapsulationpolymorphism-exercises-exercisesxpgold,Review this indexed source against the official assignment; runtime behavior and Kevin's learning evidence remain unverified.,Week2OOP,Day2OOPInheritanceEncapsulationPolymorphism,Exercise,XP Gold,Python,2,12857,336,Week2OOP/Day2OOPInheritanceEncapsulationPolymorphism/Exercises/ExercisesXPGold/exercisesxpgoldinheritance.py,Week2OOP/Day2OOPInheritanceEncapsulationPolymorphism/Exercises/ExercisesXPGold/exercisesxpgoldinheritance.py,True,Week2OOP/Day2OOPInheritanceEncapsulationPolymorphism/Exercises/ExercisesXPGold/readme.md,,,unverified,unverified
Week2OOP/Day2OOPInheritanceEncapsulationPolymorphism/Exercises/ExercisesXPNinja,ExercisesXPNinja,week2oop-day2oopinheritanceencapsulationpolymorphism-exercises-exercisesxpninja,Review this indexed source against the official assignment; runtime behavior and Kevin's learning evidence remain unverified.,Week2OOP,Day2OOPInheritanceEncapsulationPolymorphism,Exercise,XP Ninja,Python,2,11612,322,Week2OOP/Day2OOPInheritanceEncapsulationPolymorphism/Exercises/ExercisesXPNinja/exercisesxpninjainheritance.py,Week2OOP/Day2OOPInheritanceEncapsulationPolymorphism/Exercises/ExercisesXPNinja/exercisesxpninjainheritance.py,True,Week2OOP/Day2OOPInheritanceEncapsulationPolymorphism/Exercises/ExercisesXPNinja/readme.md,,,unverified,unverified
Week2OOP/Day3OOPandModules/DailyChallenge/Circle,Circle,week2oop-day3oopandmodules-dailychallenge-circle,Review this indexed source against the official assignment; runtime behavior and Kevin's learning evidence remain unverified.,Week2OOP,Day3OOPandModules,Daily Challenge,,Python,2,5814,190,Week2OOP/Day3OOPandModules/DailyChallenge/Circle/circle.py,Week2OOP/Day3OOPandModules/DailyChallenge/Circle/circle.py,True,Week2OOP/Day3OOPandModules/DailyChallenge/Circle/README.md,,,unverified,unverified
Week2OOP/Day3OOPandModules/DailyChallenge/Translator,Translator,week2oop-day3oopandmodules-dailychallenge-translator,Review this indexed source against the official assignment; runtime behavior and Kevin's learning evidence remain unverified.,Week2OOP,Day3OOPandModules,Daily Challenge,,Python,2,5050,149,Week2OOP/Day3OOPandModules/DailyChallenge/Translator/dailychallengetranslator.py,Week2OOP/Day3OOPandModules/DailyChallenge/Translator/dailychallengetranslator.py,True,Week2OOP/Day3OOPandModules/DailyChallenge/Translator/readme.md,,,unverified,unverified
Week2OOP/Day3OOPandModules/DailyChallenge/UserInfo,UserInfo,week2oop-day3oopandmodules-dailychallenge-userinfo,Review this indexed source against the official assignment; runtime behavior and Kevin's learning evidence remain unverified.,Week2OOP,Day3OOPandModules,Daily Challenge,,Python,2,5500,173,Week2OOP/Day3OOPandModules/DailyChallenge/UserInfo/dailychallengegolduserinfo.py,Week2OOP/Day3OOPandModules/DailyChallenge/UserInfo/dailychallengegolduserinfo.py,True,Week2OOP/Day3OOPandModules/DailyChallenge/UserInfo/readme.md,,,unverified,unverified
Week2OOP/Day3OOPandModules/Exercises/ExercisesXP,ExercisesXP,week2oop-day3oopandmodules-exercises-exercisesxp,Review this indexed source against the official assignment; runtime behavior and Kevin's learning evidence remain unverified.,Week2OOP,Day3OOPandModules,Exercise,XP,Python,2,12582,390,Week2OOP/Day3OOPandModules/Exercises/ExercisesXP/xp_oop_modules_all.py,Week2OOP/Day3OOPandModules/Exercises/ExercisesXP/xp_oop_modules_all.py,True,Week2OOP/Day3OOPandModules/Exercises/ExercisesXP/README.md,,,unverified,unverified
Week2OOP/Day3OOPandModules/Exercises/ExercisesXPGold,ExercisesXPGold,week2oop-day3oopandmodules-exercises-exercisesxpgold,Review this indexed source against the official assignment; runtime behavior and Kevin's learning evidence remain unverified.,Week2OOP,Day3OOPandModules,Exercise,XP Gold,Python,2,8433,248,Week2OOP/Day3OOPandModules/Exercises/ExercisesXPGold/exercisesxpgoldmodules.py,Week2OOP/Day3OOPandModules/Exercises/ExercisesXPGold/exercisesxpgoldmodules.py,True,Week2OOP/Day3OOPandModules/Exercises/ExercisesXPGold/readme.md,,,unverified,unverified
Week2OOP/Day3OOPandModules/Exercises/ExercisesXPNinja,ExercisesXPNinja,week2oop-day3oopandmodules-exercises-exercisesxpninja,Review this indexed source against the official assignment; runtime behavior and Kevin's learning evidence remain unverified.,Week2OOP,Day3OOPandModules,Exercise,XP Ninja,Python,2,13077,389,Week2OOP/Day3OOPandModules/Exercises/ExercisesXPNinja/exercisesxpninjadunder.py,Week2OOP/Day3OOPandModules/Exercises/ExercisesXPNinja/exercisesxpninjadunder.py,True,Week2OOP/Day3OOPandModules/Exercises/ExercisesXPNinja/readme.md,,,unverified,unverified
Week2OOP/Day4PythonFileIOJSONandAPI/DailyChallenge/TextAnalysis,TextAnalysis,week2oop-day4pythonfileiojsonandapi-dailychallenge-textanalysis,Review this indexed source against the official assignment; runtime behavior and Kevin's learning evidence remain unverified.,Week2OOP,Day4PythonFileIOJSONandAPI,Daily Challenge,,Python,2,8849,229,Week2OOP/Day4PythonFileIOJSONandAPI/DailyChallenge/TextAnalysis/dailychallengetextanalysis.py,Week2OOP/Day4PythonFileIOJSONandAPI/DailyChallenge/TextAnalysis/dailychallengetextanalysis.py,True,Week2OOP/Day4PythonFileIOJSONandAPI/DailyChallenge/TextAnalysis/readme.md,,,unverified,unverified
Week2OOP/Day4PythonFileIOJSONandAPI/Exercises/ExercisesXP,ExercisesXP,week2oop-day4pythonfileiojsonandapi-exercises-exercisesxp,Review this indexed source against the official assignment; runtime behavior and Kevin's learning evidence remain unverified.,Week2OOP,Day4PythonFileIOJSONandAPI,Exercise,XP,Python,2,8792,264,Week2OOP/Day4PythonFileIOJSONandAPI/Exercises/ExercisesXP/xp_files_json_all.py,Week2OOP/Day4PythonFileIOJSONandAPI/Exercises/ExercisesXP/xp_files_json_all.py,True,Week2OOP/Day4PythonFileIOJSONandAPI/Exercises/ExercisesXP/README.md,,,unverified,unverified
Week2OOP/Day4PythonFileIOJSONandAPI/Exercises/ExercisesXPGold,ExercisesXPGold,week2oop-day4pythonfileiojsonandapi-exercises-exercisesxpgold,Review this indexed source against the official assignment; runtime behavior and Kevin's learning evidence remain unverified.,Week2OOP,Day4PythonFileIOJSONandAPI,Exercise,XP Gold,JSON | Python,5,14013,405,Week2OOP/Day4PythonFileIOJSONandAPI/Exercises/ExercisesXPGold/giphyexercises.py | Week2OOP/Day4PythonFileIOJSONandAPI/Exercises/ExercisesXPGold/menueditor.py | Week2OOP/Day4PythonFileIOJSONandAPI/Exercises/ExercisesXPGold/menumanager.py,Week2OOP/Day4PythonFileIOJSONandAPI/Exercises/ExercisesXPGold/giphyexercises.py | Week2OOP/Day4PythonFileIOJSONandAPI/Exercises/ExercisesXPGold/menueditor.py | Week2OOP/Day4PythonFileIOJSONandAPI/Exercises/ExercisesXPGold/menumanager.py,True,Week2OOP/Day4PythonFileIOJSONandAPI/Exercises/ExercisesXPGold/readme.md,,,unverified,unverified
Week2OOP/Day4PythonFileIOJSONandAPI/Exercises/ExercisesXPNinja,ExercisesXPNinja,week2oop-day4pythonfileiojsonandapi-exercises-exercisesxpninja,Review this indexed source against the official assignment; runtime behavior and Kevin's learning evidence remain unverified.,Week2OOP,Day4PythonFileIOJSONandAPI,Exercise,XP Ninja,JSON | Python,5,15364,456,Week2OOP/Day4PythonFileIOJSONandAPI/Exercises/ExercisesXPNinja/charactersgame.py | Week2OOP/Day4PythonFileIOJSONandAPI/Exercises/ExercisesXPNinja/ninjamenueditor.py | Week2OOP/Day4PythonFileIOJSONandAPI/Exercises/ExercisesXPNinja/ninjamenumanager.py,Week2OOP/Day4PythonFileIOJSONandAPI/Exercises/ExercisesXPNinja/charactersgame.py | Week2OOP/Day4PythonFileIOJSONandAPI/Exercises/ExercisesXPNinja/ninjamenueditor.py | Week2OOP/Day4PythonFileIOJSONandAPI/Exercises/ExercisesXPNinja/ninjamenumanager.py,True,Week2OOP/Day4PythonFileIOJSONandAPI/Exercises/ExercisesXPNinja/readme.md,,,unverified,unverified
Week2OOP/Day5MiniProject/DailyChallenge/Modules,Modules,week2oop-day5miniproject-dailychallenge-modules,Review this indexed source against the official assignment; runtime behavior and Kevin's learning evidence remain unverified.,Week2OOP,Day5MiniProject,Daily Challenge,,Python,6,14120,445,Week2OOP/Day5MiniProject/DailyChallenge/Modules/cli.py | Week2OOP/Day5MiniProject/DailyChallenge/Modules/tests/test_timer.py | Week2OOP/Day5MiniProject/DailyChallenge/Modules/timer.py,Week2OOP/Day5MiniProject/DailyChallenge/Modules/cli.py,True,Week2OOP/Day5MiniProject/DailyChallenge/Modules/README.md,Week2OOP/Day5MiniProject/DailyChallenge/Modules/tests/README.md | Week2OOP/Day5MiniProject/DailyChallenge/Modules/tests/test_timer.py,,unverified,unverified
Week2OOP/Day5MiniProject/DailyChallenge/OOPQuiz,OOPQuiz,week2oop-day5miniproject-dailychallenge-oopquiz,Review this indexed source against the official assignment; runtime behavior and Kevin's learning evidence remain unverified.,Week2OOP,Day5MiniProject,Daily Challenge,,Python,3,6724,229,Week2OOP/Day5MiniProject/DailyChallenge/OOPQuiz/deck.py | Week2OOP/Day5MiniProject/DailyChallenge/OOPQuiz/demo.py,Week2OOP/Day5MiniProject/DailyChallenge/OOPQuiz/deck.py | Week2OOP/Day5MiniProject/DailyChallenge/OOPQuiz/demo.py,True,Week2OOP/Day5MiniProject/DailyChallenge/OOPQuiz/README.md,,,unverified,unverified
Week2OOP/Day5MiniProject/Exercises/AnagramChecker,AnagramChecker,week2oop-day5miniproject-exercises-anagramchecker,Review this indexed source against the official assignment; runtime behavior and Kevin's learning evidence remain unverified.,Week2OOP,Day5MiniProject,Mini Project,,Python,4,8443,274,Week2OOP/Day5MiniProject/Exercises/AnagramChecker/anagramchecker.py | Week2OOP/Day5MiniProject/Exercises/AnagramChecker/anagrams.py,Week2OOP/Day5MiniProject/Exercises/AnagramChecker/anagramchecker.py | Week2OOP/Day5MiniProject/Exercises/AnagramChecker/anagrams.py,True,Week2OOP/Day5MiniProject/Exercises/AnagramChecker/README.md,,,unverified,unverified
Week2OOP/Day5MiniProject/Exercises/RockPaperScissors,RockPaperScissors,week2oop-day5miniproject-exercises-rockpaperscissors,Review this indexed source against the official assignment; runtime behavior and Kevin's learning evidence remain unverified.,Week2OOP,Day5MiniProject,Mini Project,,Python,3,6802,211,Week2OOP/Day5MiniProject/Exercises/RockPaperScissors/game.py | Week2OOP/Day5MiniProject/Exercises/RockPaperScissors/rockpaperscissors.py,Week2OOP/Day5MiniProject/Exercises/RockPaperScissors/game.py | Week2OOP/Day5MiniProject/Exercises/RockPaperScissors/rockpaperscissors.py,True,Week2OOP/Day5MiniProject/Exercises/RockPaperScissors/readme.md,,,unverified,unverified
Week2OOP/Day5MiniProject/Exercises/WeatherApp,WeatherApp,week2oop-day5miniproject-exercises-weatherapp,Review this indexed source against the official assignment; runtime behavior and Kevin's learning evidence remain unverified.,Week2OOP,Day5MiniProject,Mini Project,,Python,3,15908,445,Week2OOP/Day5MiniProject/Exercises/WeatherApp/weatherapp.py | Week2OOP/Day5MiniProject/Exercises/WeatherApp/weathergui.py,Week2OOP/Day5MiniProject/Exercises/WeatherApp/weatherapp.py | Week2OOP/Day5MiniProject/Exercises/WeatherApp/weathergui.py,True,Week2OOP/Day5MiniProject/Exercises/WeatherApp/readme.md,,,unverified,unverified
Week2OOP/RemoteLearningOOP/DailyChallenge/AirManagement,AirManagement,week2oop-remotelearningoop-dailychallenge-airmanagement,Review this indexed source against the official assignment; runtime behavior and Kevin's learning evidence remain unverified.,Week2OOP,RemoteLearningOOP,Daily Challenge,,Python,2,11210,318,Week2OOP/RemoteLearningOOP/DailyChallenge/AirManagement/air_management.py,Week2OOP/RemoteLearningOOP/DailyChallenge/AirManagement/air_management.py,True,Week2OOP/RemoteLearningOOP/DailyChallenge/AirManagement/README.md,,,unverified,unverified
Week2OOP/RemoteLearningOOP/Exercises/MiniProjectVaccines,MiniProjectVaccines,week2oop-remotelearningoop-exercises-miniprojectvaccines,Review this indexed source against the official assignment; runtime behavior and Kevin's learning evidence remain unverified.,Week2OOP,RemoteLearningOOP,Mini Project,,Python,2,12182,335,Week2OOP/RemoteLearningOOP/Exercises/MiniProjectVaccines/vaccines.py,Week2OOP/RemoteLearningOOP/Exercises/MiniProjectVaccines/vaccines.py,True,Week2OOP/RemoteLearningOOP/Exercises/MiniProjectVaccines/README.md,,,unverified,unverified
Week3JavaScriptandDOM/Day1IntroductiontoJavaScript/DailyChallenge/BubbleSort,BubbleSort,week3javascriptanddom-day1introductiontojavascript-dailychallenge-bubblesort,Review this indexed source against the official assignment; runtime behavior and Kevin's learning evidence remain unverified.,Week3JavaScriptandDOM,Day1IntroductiontoJavaScript,Daily Challenge,,JavaScript,2,4959,165,Week3JavaScriptandDOM/Day1IntroductiontoJavaScript/DailyChallenge/BubbleSort/index.js,Week3JavaScriptandDOM/Day1IntroductiontoJavaScript/DailyChallenge/BubbleSort/index.js,True,Week3JavaScriptandDOM/Day1IntroductiontoJavaScript/DailyChallenge/BubbleSort/README.md,,,unverified,unverified
Week3JavaScriptandDOM/Day1IntroductiontoJavaScript/DailyChallenge/DailyChallengeNotBad,DailyChallengeNotBad,week3javascriptanddom-day1introductiontojavascript-dailychallenge-dailychallengenotbad,Review this indexed source against the official assignment; runtime behavior and Kevin's learning evidence remain unverified.,Week3JavaScriptandDOM,Day1IntroductiontoJavaScript,Daily Challenge,,HTML | JavaScript,4,5734,185,Week3JavaScriptandDOM/Day1IntroductiontoJavaScript/DailyChallenge/DailyChallengeNotBad/index.html | Week3JavaScriptandDOM/Day1IntroductiontoJavaScript/DailyChallenge/DailyChallengeNotBad/script.js,Week3JavaScriptandDOM/Day1IntroductiontoJavaScript/DailyChallenge/DailyChallengeNotBad/index.html,True,Week3JavaScriptandDOM/Day1IntroductiontoJavaScript/DailyChallenge/DailyChallengeNotBad/README.md,,,unverified,unverified
Week3JavaScriptandDOM/Day1IntroductiontoJavaScript/DailyChallenge/DailyChallengeStars,DailyChallengeStars,week3javascriptanddom-day1introductiontojavascript-dailychallenge-dailychallengestars,Review this indexed source against the official assignment; runtime behavior and Kevin's learning evidence remain unverified.,Week3JavaScriptandDOM,Day1IntroductiontoJavaScript,Daily Challenge,,HTML | JavaScript,4,5403,205,Week3JavaScriptandDOM/Day1IntroductiontoJavaScript/DailyChallenge/DailyChallengeStars/index.html | Week3JavaScriptandDOM/Day1IntroductiontoJavaScript/DailyChallenge/DailyChallengeStars/script.js,Week3JavaScriptandDOM/Day1IntroductiontoJavaScript/DailyChallenge/DailyChallengeStars/index.html,True,Week3JavaScriptandDOM/Day1IntroductiontoJavaScript/DailyChallenge/DailyChallengeStars/README.md,,,unverified,unverified
Week3JavaScriptandDOM/Day1IntroductiontoJavaScript/Exercises/ExercisesXP,ExercisesXP,week3javascriptanddom-day1introductiontojavascript-exercises-exercisesxp,Review this indexed source against the official assignment; runtime behavior and Kevin's learning evidence remain unverified.,Week3JavaScriptandDOM,Day1IntroductiontoJavaScript,Exercise,XP,CSS | HTML | JavaScript,4,9943,375,Week3JavaScriptandDOM/Day1IntroductiontoJavaScript/Exercises/ExercisesXP/index.html | Week3JavaScriptandDOM/Day1IntroductiontoJavaScript/Exercises/ExercisesXP/script.js,Week3JavaScriptandDOM/Day1IntroductiontoJavaScript/Exercises/ExercisesXP/index.html,True,Week3JavaScriptandDOM/Day1IntroductiontoJavaScript/Exercises/ExercisesXP/README.md,,,unverified,unverified
Week3JavaScriptandDOM/Day1IntroductiontoJavaScript/Exercises/ExercisesXPGold,ExercisesXPGold,week3javascriptanddom-day1introductiontojavascript-exercises-exercisesxpgold,Review this indexed source against the official assignment; runtime behavior and Kevin's learning evidence remain unverified.,Week3JavaScriptandDOM,Day1IntroductiontoJavaScript,Exercise,XP Gold,CSS | HTML | JavaScript,4,7057,240,Week3JavaScriptandDOM/Day1IntroductiontoJavaScript/Exercises/ExercisesXPGold/index.html | Week3JavaScriptandDOM/Day1IntroductiontoJavaScript/Exercises/ExercisesXPGold/script.js,Week3JavaScriptandDOM/Day1IntroductiontoJavaScript/Exercises/ExercisesXPGold/index.html,True,Week3JavaScriptandDOM/Day1IntroductiontoJavaScript/Exercises/ExercisesXPGold/README.md,,,unverified,unverified
Week3JavaScriptandDOM/Day1IntroductiontoJavaScript/Exercises/ExercisesXPNinja,ExercisesXPNinja,week3javascriptanddom-day1introductiontojavascript-exercises-exercisesxpninja,Review this indexed source against the official assignment; runtime behavior and Kevin's learning evidence remain unverified.,Week3JavaScriptandDOM,Day1IntroductiontoJavaScript,Exercise,XP Ninja,JavaScript,2,6591,235,Week3JavaScriptandDOM/Day1IntroductiontoJavaScript/Exercises/ExercisesXPNinja/index.js,Week3JavaScriptandDOM/Day1IntroductiontoJavaScript/Exercises/ExercisesXPNinja/index.js,True,Week3JavaScriptandDOM/Day1IntroductiontoJavaScript/Exercises/ExercisesXPNinja/README.md,,,unverified,unverified
Week3JavaScriptandDOM/Day2FunctionsandDOMIntroduction/DailyChallenge/DailyChallengePlanets,DailyChallengePlanets,week3javascriptanddom-day2functionsanddomintroduction-dailychallenge-dailychallengeplanets,Review this indexed source against the official assignment; runtime behavior and Kevin's learning evidence remain unverified.,Week3JavaScriptandDOM,Day2FunctionsandDOMIntroduction,Daily Challenge,,CSS | HTML | JavaScript,4,6637,214,Week3JavaScriptandDOM/Day2FunctionsandDOMIntroduction/DailyChallenge/DailyChallengePlanets/planets.html | Week3JavaScriptandDOM/Day2FunctionsandDOMIntroduction/DailyChallenge/DailyChallengePlanets/planets.js,Week3JavaScriptandDOM/Day2FunctionsandDOMIntroduction/DailyChallenge/DailyChallengePlanets/planets.html,True,Week3JavaScriptandDOM/Day2FunctionsandDOMIntroduction/DailyChallenge/DailyChallengePlanets/README.md,,,unverified,unverified
Week3JavaScriptandDOM/Day2FunctionsandDOMIntroduction/DailyChallenge/WordsInTheStars,WordsInTheStars,week3javascriptanddom-day2functionsanddomintroduction-dailychallenge-wordsinthestars,Review this indexed source against the official assignment; runtime behavior and Kevin's learning evidence remain unverified.,Week3JavaScriptandDOM,Day2FunctionsandDOMIntroduction,Daily Challenge,,JavaScript,2,5567,206,Week3JavaScriptandDOM/Day2FunctionsandDOMIntroduction/DailyChallenge/WordsInTheStars/index.js,Week3JavaScriptandDOM/Day2FunctionsandDOMIntroduction/DailyChallenge/WordsInTheStars/index.js,True,Week3JavaScriptandDOM/Day2FunctionsandDOMIntroduction/DailyChallenge/WordsInTheStars/README.md,,,unverified,unverified
Week3JavaScriptandDOM/Day2FunctionsandDOMIntroduction/Exercises/ExercisesXP,ExercisesXP,week3javascriptanddom-day2functionsanddomintroduction-exercises-exercisesxp,Review this indexed source against the official assignment; runtime behavior and Kevin's learning evidence remain unverified.,Week3JavaScriptandDOM,Day2FunctionsandDOMIntroduction,Exercise,XP,CSS | HTML | JavaScript,3,16310,499,Week3JavaScriptandDOM/Day2FunctionsandDOMIntroduction/Exercises/ExercisesXP/index.html | Week3JavaScriptandDOM/Day2FunctionsandDOMIntroduction/Exercises/ExercisesXP/script.js,Week3JavaScriptandDOM/Day2FunctionsandDOMIntroduction/Exercises/ExercisesXP/index.html,True,Week3JavaScriptandDOM/Day2FunctionsandDOMIntroduction/Exercises/ExercisesXP/README.md,,,unverified,unverified
Week3JavaScriptandDOM/Day2FunctionsandDOMIntroduction/Exercises/ExercisesXPGold,ExercisesXPGold,week3javascriptanddom-day2functionsanddomintroduction-exercises-exercisesxpgold,Review this indexed source against the official assignment; runtime behavior and Kevin's learning evidence remain unverified.,Week3JavaScriptandDOM,Day2FunctionsandDOMIntroduction,Exercise,XP Gold,CSS | HTML | JavaScript,3,5450,212,Week3JavaScriptandDOM/Day2FunctionsandDOMIntroduction/Exercises/ExercisesXPGold/index.html | Week3JavaScriptandDOM/Day2FunctionsandDOMIntroduction/Exercises/ExercisesXPGold/index.js,Week3JavaScriptandDOM/Day2FunctionsandDOMIntroduction/Exercises/ExercisesXPGold/index.html | Week3JavaScriptandDOM/Day2FunctionsandDOMIntroduction/Exercises/ExercisesXPGold/index.js,True,Week3JavaScriptandDOM/Day2FunctionsandDOMIntroduction/Exercises/ExercisesXPGold/README.md,,,unverified,unverified
Week3JavaScriptandDOM/Day2FunctionsandDOMIntroduction/Exercises/ExercisesXPNinja,ExercisesXPNinja,week3javascriptanddom-day2functionsanddomintroduction-exercises-exercisesxpninja,Review this indexed source against the official assignment; runtime behavior and Kevin's learning evidence remain unverified.,Week3JavaScriptandDOM,Day2FunctionsandDOMIntroduction,Exercise,XP Ninja,CSS | HTML | JavaScript,3,9427,301,Week3JavaScriptandDOM/Day2FunctionsandDOMIntroduction/Exercises/ExercisesXPNinja/index.html | Week3JavaScriptandDOM/Day2FunctionsandDOMIntroduction/Exercises/ExercisesXPNinja/index.js,Week3JavaScriptandDOM/Day2FunctionsandDOMIntroduction/Exercises/ExercisesXPNinja/index.html | Week3JavaScriptandDOM/Day2FunctionsandDOMIntroduction/Exercises/ExercisesXPNinja/index.js,True,Week3JavaScriptandDOM/Day2FunctionsandDOMIntroduction/Exercises/ExercisesXPNinja/README.md,,,unverified,unverified
Week3JavaScriptandDOM/Day3LearningDOMEvents/DailyChallenge/Letters,Letters,week3javascriptanddom-day3learningdomevents-dailychallenge-letters,Review this indexed source against the official assignment; runtime behavior and Kevin's learning evidence remain unverified.,Week3JavaScriptandDOM,Day3LearningDOMEvents,Daily Challenge,,CSS | HTML | JavaScript,3,5952,173,Week3JavaScriptandDOM/Day3LearningDOMEvents/DailyChallenge/Letters/index.html | Week3JavaScriptandDOM/Day3LearningDOMEvents/DailyChallenge/Letters/main.js,Week3JavaScriptandDOM/Day3LearningDOMEvents/DailyChallenge/Letters/index.html | Week3JavaScriptandDOM/Day3LearningDOMEvents/DailyChallenge/Letters/main.js,True,Week3JavaScriptandDOM/Day3LearningDOMEvents/DailyChallenge/Letters/README.md,,,unverified,unverified
Week3JavaScriptandDOM/Day3LearningDOMEvents/DailyChallenge/TellTheStory,TellTheStory,week3javascriptanddom-day3learningdomevents-dailychallenge-tellthestory,Review this indexed source against the official assignment; runtime behavior and Kevin's learning evidence remain unverified.,Week3JavaScriptandDOM,Day3LearningDOMEvents,Daily Challenge,,CSS | HTML | JavaScript,4,9224,263,Week3JavaScriptandDOM/Day3LearningDOMEvents/DailyChallenge/TellTheStory/index.html | Week3JavaScriptandDOM/Day3LearningDOMEvents/DailyChallenge/TellTheStory/madlibs.js,Week3JavaScriptandDOM/Day3LearningDOMEvents/DailyChallenge/TellTheStory/index.html,True,Week3JavaScriptandDOM/Day3LearningDOMEvents/DailyChallenge/TellTheStory/README.md,,,unverified,unverified
Week3JavaScriptandDOM/Day3LearningDOMEvents/Exercises/ExercisesXP,ExercisesXP,week3javascriptanddom-day3learningdomevents-exercises-exercisesxp,Review this indexed source against the official assignment; runtime behavior and Kevin's learning evidence remain unverified.,Week3JavaScriptandDOM,Day3LearningDOMEvents,Exercise,XP,CSS | HTML | JavaScript,4,12800,368,Week3JavaScriptandDOM/Day3LearningDOMEvents/Exercises/ExercisesXP/dom_exercises.js | Week3JavaScriptandDOM/Day3LearningDOMEvents/Exercises/ExercisesXP/index_dom_exercises.html,Week3JavaScriptandDOM/Day3LearningDOMEvents/Exercises/ExercisesXP/index_dom_exercises.html,True,Week3JavaScriptandDOM/Day3LearningDOMEvents/Exercises/ExercisesXP/README.md,,,unverified,unverified
Week3JavaScriptandDOM/Day3LearningDOMEvents/Exercises/ExercisesXPAnimations,ExercisesXPAnimations,week3javascriptanddom-day3learningdomevents-exercises-exercisesxpanimations,Review this indexed source against the official assignment; runtime behavior and Kevin's learning evidence remain unverified.,Week3JavaScriptandDOM,Day3LearningDOMEvents,Exercise,,CSS | HTML | JavaScript,6,7747,254,Week3JavaScriptandDOM/Day3LearningDOMEvents/Exercises/ExercisesXPAnimations/index_move.html | Week3JavaScriptandDOM/Day3LearningDOMEvents/Exercises/ExercisesXPAnimations/index_timer.html | Week3JavaScriptandDOM/Day3LearningDOMEvents/Exercises/ExercisesXPAnimations/move.js | Week3JavaScriptandDOM/Day3LearningDOMEvents/Exercises/ExercisesXPAnimations/timer.js,Week3JavaScriptandDOM/Day3LearningDOMEvents/Exercises/ExercisesXPAnimations/index_move.html | Week3JavaScriptandDOM/Day3LearningDOMEvents/Exercises/ExercisesXPAnimations/index_timer.html,True,Week3JavaScriptandDOM/Day3LearningDOMEvents/Exercises/ExercisesXPAnimations/README.md,,,unverified,unverified
Week3JavaScriptandDOM/Day3LearningDOMEvents/Exercises/ExercisesXPGold,ExercisesXPGold,week3javascriptanddom-day3learningdomevents-exercises-exercisesxpgold,Review this indexed source against the official assignment; runtime behavior and Kevin's learning evidence remain unverified.,Week3JavaScriptandDOM,Day3LearningDOMEvents,Exercise,XP Gold,CSS | HTML | JavaScript,3,7225,228,Week3JavaScriptandDOM/Day3LearningDOMEvents/Exercises/ExercisesXPGold/index.html | Week3JavaScriptandDOM/Day3LearningDOMEvents/Exercises/ExercisesXPGold/index.js,Week3JavaScriptandDOM/Day3LearningDOMEvents/Exercises/ExercisesXPGold/index.html | Week3JavaScriptandDOM/Day3LearningDOMEvents/Exercises/ExercisesXPGold/index.js,True,Week3JavaScriptandDOM/Day3LearningDOMEvents/Exercises/ExercisesXPGold/README.md,,,unverified,unverified
Week3JavaScriptandDOM/Day3LearningDOMEvents/Exercises/ExercisesXPNinja,ExercisesXPNinja,week3javascriptanddom-day3learningdomevents-exercises-exercisesxpninja,Review this indexed source against the official assignment; runtime behavior and Kevin's learning evidence remain unverified.,Week3JavaScriptandDOM,Day3LearningDOMEvents,Exercise,XP Ninja,CSS | HTML | JavaScript,3,11960,322,Week3JavaScriptandDOM/Day3LearningDOMEvents/Exercises/ExercisesXPNinja/index.html | Week3JavaScriptandDOM/Day3LearningDOMEvents/Exercises/ExercisesXPNinja/main.js,Week3JavaScriptandDOM/Day3LearningDOMEvents/Exercises/ExercisesXPNinja/index.html | Week3JavaScriptandDOM/Day3LearningDOMEvents/Exercises/ExercisesXPNinja/main.js,True,Week3JavaScriptandDOM/Day3LearningDOMEvents/Exercises/ExercisesXPNinja/README.md,,,unverified,unverified
Week3JavaScriptandDOM/Day3LearningDOMEvents/Exercises/MiniProjectCreateaSignInForm,MiniProjectCreateaSignInForm,week3javascriptanddom-day3learningdomevents-exercises-miniprojectcreateasigninform,Review this indexed source against the official assignment; runtime behavior and Kevin's learning evidence remain unverified.,Week3JavaScriptandDOM,Day3LearningDOMEvents,Mini Project,,CSS | HTML | JavaScript,6,16585,355,Week3JavaScriptandDOM/Day3LearningDOMEvents/Exercises/MiniProjectCreateaSignInForm/css/styles.css | Week3JavaScriptandDOM/Day3LearningDOMEvents/Exercises/MiniProjectCreateaSignInForm/index.html | Week3JavaScriptandDOM/Day3LearningDOMEvents/Exercises/MiniProjectCreateaSignInForm/js/app.js,Week3JavaScriptandDOM/Day3LearningDOMEvents/Exercises/MiniProjectCreateaSignInForm/index.html | Week3JavaScriptandDOM/Day3LearningDOMEvents/Exercises/MiniProjectCreateaSignInForm/js/app.js,True,Week3JavaScriptandDOM/Day3LearningDOMEvents/Exercises/MiniProjectCreateaSignInForm/README.md,,,unverified,unverified
Week3JavaScriptandDOM/Day4AdvancedJavaScriptFunctions/DailyChallenge/Groceries,Groceries,week3javascriptanddom-day4advancedjavascriptfunctions-dailychallenge-groceries,Review this indexed source against the official assignment; runtime behavior and Kevin's learning evidence remain unverified.,Week3JavaScriptandDOM,Day4AdvancedJavaScriptFunctions,Daily Challenge,,CSS | HTML | JavaScript,4,8300,245,Week3JavaScriptandDOM/Day4AdvancedJavaScriptFunctions/DailyChallenge/Groceries/groceries.js | Week3JavaScriptandDOM/Day4AdvancedJavaScriptFunctions/DailyChallenge/Groceries/index.html,Week3JavaScriptandDOM/Day4AdvancedJavaScriptFunctions/DailyChallenge/Groceries/index.html,True,Week3JavaScriptandDOM/Day4AdvancedJavaScriptFunctions/DailyChallenge/Groceries/README.md,,,unverified,unverified
Week3JavaScriptandDOM/Day4AdvancedJavaScriptFunctions/Exercises/ExercisesXP,ExercisesXP,week3javascriptanddom-day4advancedjavascriptfunctions-exercises-exercisesxp,Review this indexed source against the official assignment; runtime behavior and Kevin's learning evidence remain unverified.,Week3JavaScriptandDOM,Day4AdvancedJavaScriptFunctions,Exercise,XP,CSS | HTML | JavaScript,4,13085,370,Week3JavaScriptandDOM/Day4AdvancedJavaScriptFunctions/Exercises/ExercisesXP/advanced_js.js | Week3JavaScriptandDOM/Day4AdvancedJavaScriptFunctions/Exercises/ExercisesXP/index_advanced_js.html,Week3JavaScriptandDOM/Day4AdvancedJavaScriptFunctions/Exercises/ExercisesXP/index_advanced_js.html,True,Week3JavaScriptandDOM/Day4AdvancedJavaScriptFunctions/Exercises/ExercisesXP/README.md,,,unverified,unverified
Week3JavaScriptandDOM/Day4AdvancedJavaScriptFunctions/Exercises/ExercisesXPGold,ExercisesXPGold,week3javascriptanddom-day4advancedjavascriptfunctions-exercises-exercisesxpgold,Review this indexed source against the official assignment; runtime behavior and Kevin's learning evidence remain unverified.,Week3JavaScriptandDOM,Day4AdvancedJavaScriptFunctions,Exercise,XP Gold,JavaScript,2,3870,147,Week3JavaScriptandDOM/Day4AdvancedJavaScriptFunctions/Exercises/ExercisesXPGold/index.js,Week3JavaScriptandDOM/Day4AdvancedJavaScriptFunctions/Exercises/ExercisesXPGold/index.js,True,Week3JavaScriptandDOM/Day4AdvancedJavaScriptFunctions/Exercises/ExercisesXPGold/README.md,,,unverified,unverified
Week3JavaScriptandDOM/Day4AdvancedJavaScriptFunctions/Exercises/ExercisesXPNinja,ExercisesXPNinja,week3javascriptanddom-day4advancedjavascriptfunctions-exercises-exercisesxpninja,Review this indexed source against the official assignment; runtime behavior and Kevin's learning evidence remain unverified.,Week3JavaScriptandDOM,Day4AdvancedJavaScriptFunctions,Exercise,XP Ninja,JavaScript,2,3136,110,Week3JavaScriptandDOM/Day4AdvancedJavaScriptFunctions/Exercises/ExercisesXPNinja/index.js,Week3JavaScriptandDOM/Day4AdvancedJavaScriptFunctions/Exercises/ExercisesXPNinja/index.js,True,Week3JavaScriptandDOM/Day4AdvancedJavaScriptFunctions/Exercises/ExercisesXPNinja/README.md,,,unverified,unverified
Week3JavaScriptandDOM/Day5MiniProject/DailyChallenge/TodoList,TodoList,week3javascriptanddom-day5miniproject-dailychallenge-todolist,Review this indexed source against the official assignment; runtime behavior and Kevin's learning evidence remain unverified.,Week3JavaScriptandDOM,Day5MiniProject,Daily Challenge,,CSS | HTML | JavaScript,2,6793,187,Week3JavaScriptandDOM/Day5MiniProject/DailyChallenge/TodoList/todo_list.html,Week3JavaScriptandDOM/Day5MiniProject/DailyChallenge/TodoList/todo_list.html,True,Week3JavaScriptandDOM/Day5MiniProject/DailyChallenge/TodoList/README.md,,,unverified,unverified
Week3JavaScriptandDOM/Day5MiniProject/Exercises/drumset-mini,drumset-mini,week3javascriptanddom-day5miniproject-exercises-drumset-mini,Review this indexed source against the official assignment; runtime behavior and Kevin's learning evidence remain unverified.,Week3JavaScriptandDOM,Day5MiniProject,Mini Project,,CSS | HTML | JavaScript,17,1109044,467,Week3JavaScriptandDOM/Day5MiniProject/Exercises/drumset-mini/css/styles.css | Week3JavaScriptandDOM/Day5MiniProject/Exercises/drumset-mini/index.html | Week3JavaScriptandDOM/Day5MiniProject/Exercises/drumset-mini/js/app.js,Week3JavaScriptandDOM/Day5MiniProject/Exercises/drumset-mini/index.html | Week3JavaScriptandDOM/Day5MiniProject/Exercises/drumset-mini/js/app.js,True,Week3JavaScriptandDOM/Day5MiniProject/Exercises/drumset-mini/README.md,,,unverified,unverified
Week3JavaScriptandDOM/Day5MiniProject/Exercises/MiniProjectColoringGame,MiniProjectColoringGame,week3javascriptanddom-day5miniproject-exercises-miniprojectcoloringgame,Review this indexed source against the official assignment; runtime behavior and Kevin's learning evidence remain unverified.,Week3JavaScriptandDOM,Day5MiniProject,Mini Project,,CSS | HTML | JavaScript,4,7315,236,Week3JavaScriptandDOM/Day5MiniProject/Exercises/MiniProjectColoringGame/index.html | Week3JavaScriptandDOM/Day5MiniProject/Exercises/MiniProjectColoringGame/script.js | Week3JavaScriptandDOM/Day5MiniProject/Exercises/MiniProjectColoringGame/styles.css,Week3JavaScriptandDOM/Day5MiniProject/Exercises/MiniProjectColoringGame/index.html,True,Week3JavaScriptandDOM/Day5MiniProject/Exercises/MiniProjectColoringGame/README.md,,,unverified,unverified
Week3JavaScriptandDOM/RemoteLearningJSAndDOM/Exercises/ExercisesXP1/exercise1_todo,exercise1_todo,week3javascriptanddom-remotelearningjsanddom-exercises-exercisesxp1-exercise1-todo,Review this indexed source against the official assignment; runtime behavior and Kevin's learning evidence remain unverified.,Week3JavaScriptandDOM,RemoteLearningJSAndDOM,Exercise,,CSS | HTML | JavaScript,6,11548,368,Week3JavaScriptandDOM/RemoteLearningJSAndDOM/Exercises/ExercisesXP1/exercise1_todo/css/styles.css | Week3JavaScriptandDOM/RemoteLearningJSAndDOM/Exercises/ExercisesXP1/exercise1_todo/index.html | Week3JavaScriptandDOM/RemoteLearningJSAndDOM/Exercises/ExercisesXP1/exercise1_todo/js/app.js,Week3JavaScriptandDOM/RemoteLearningJSAndDOM/Exercises/ExercisesXP1/exercise1_todo/index.html | Week3JavaScriptandDOM/RemoteLearningJSAndDOM/Exercises/ExercisesXP1/exercise1_todo/js/app.js,True,Week3JavaScriptandDOM/RemoteLearningJSAndDOM/Exercises/ExercisesXP1/exercise1_todo/README.md,,,unverified,unverified
Week3JavaScriptandDOM/RemoteLearningJSAndDOM/Exercises/ExercisesXP1/exercise2_color_guess,exercise2_color_guess,week3javascriptanddom-remotelearningjsanddom-exercises-exercisesxp1-exercise2-color-guess,Review this indexed source against the official assignment; runtime behavior and Kevin's learning evidence remain unverified.,Week3JavaScriptandDOM,RemoteLearningJSAndDOM,Exercise,,CSS | HTML | JavaScript,6,11958,377,Week3JavaScriptandDOM/RemoteLearningJSAndDOM/Exercises/ExercisesXP1/exercise2_color_guess/css/styles.css | Week3JavaScriptandDOM/RemoteLearningJSAndDOM/Exercises/ExercisesXP1/exercise2_color_guess/index.html | Week3JavaScriptandDOM/RemoteLearningJSAndDOM/Exercises/ExercisesXP1/exercise2_color_guess/js/app.js,Week3JavaScriptandDOM/RemoteLearningJSAndDOM/Exercises/ExercisesXP1/exercise2_color_guess/index.html | Week3JavaScriptandDOM/RemoteLearningJSAndDOM/Exercises/ExercisesXP1/exercise2_color_guess/js/app.js,True,Week3JavaScriptandDOM/RemoteLearningJSAndDOM/Exercises/ExercisesXP1/exercise2_color_guess/README.md,,,unverified,unverified
Week3JavaScriptandDOM/RemoteLearningJSAndDOM/Exercises/ExercisesXP1/exercise3_calculator,exercise3_calculator,week3javascriptanddom-remotelearningjsanddom-exercises-exercisesxp1-exercise3-calculator,Review this indexed source against the official assignment; runtime behavior and Kevin's learning evidence remain unverified.,Week3JavaScriptandDOM,RemoteLearningJSAndDOM,Exercise,,CSS | HTML | JavaScript,6,10918,396,Week3JavaScriptandDOM/RemoteLearningJSAndDOM/Exercises/ExercisesXP1/exercise3_calculator/css/styles.css | Week3JavaScriptandDOM/RemoteLearningJSAndDOM/Exercises/ExercisesXP1/exercise3_calculator/index.html | Week3JavaScriptandDOM/RemoteLearningJSAndDOM/Exercises/ExercisesXP1/exercise3_calculator/js/app.js,Week3JavaScriptandDOM/RemoteLearningJSAndDOM/Exercises/ExercisesXP1/exercise3_calculator/index.html | Week3JavaScriptandDOM/RemoteLearningJSAndDOM/Exercises/ExercisesXP1/exercise3_calculator/js/app.js,True,Week3JavaScriptandDOM/RemoteLearningJSAndDOM/Exercises/ExercisesXP1/exercise3_calculator/README.md,,,unverified,unverified
Week3JavaScriptandDOM/RemoteLearningJSAndDOM/Exercises/ExercisesXP1/exercise4_whack_a_mole,exercise4_whack_a_mole,week3javascriptanddom-remotelearningjsanddom-exercises-exercisesxp1-exercise4-whack-a-mole,Review this indexed source against the official assignment; runtime behavior and Kevin's learning evidence remain unverified.,Week3JavaScriptandDOM,RemoteLearningJSAndDOM,Exercise,,CSS | HTML | JavaScript,6,10534,368,Week3JavaScriptandDOM/RemoteLearningJSAndDOM/Exercises/ExercisesXP1/exercise4_whack_a_mole/css/styles.css | Week3JavaScriptandDOM/RemoteLearningJSAndDOM/Exercises/ExercisesXP1/exercise4_whack_a_mole/index.html | Week3JavaScriptandDOM/RemoteLearningJSAndDOM/Exercises/ExercisesXP1/exercise4_whack_a_mole/js/app.js,Week3JavaScriptandDOM/RemoteLearningJSAndDOM/Exercises/ExercisesXP1/exercise4_whack_a_mole/index.html | Week3JavaScriptandDOM/RemoteLearningJSAndDOM/Exercises/ExercisesXP1/exercise4_whack_a_mole/js/app.js,True,Week3JavaScriptandDOM/RemoteLearningJSAndDOM/Exercises/ExercisesXP1/exercise4_whack_a_mole/README.md,,,unverified,unverified
Week3JavaScriptandDOM/RemoteLearningJSAndDOM/Exercises/ExercisesXP2/exercise1_timer,exercise1_timer,week3javascriptanddom-remotelearningjsanddom-exercises-exercisesxp2-exercise1-timer,Review this indexed source against the official assignment; runtime behavior and Kevin's learning evidence remain unverified.,Week3JavaScriptandDOM,RemoteLearningJSAndDOM,Exercise,,CSS | HTML | JavaScript,4,6066,225,Week3JavaScriptandDOM/RemoteLearningJSAndDOM/Exercises/ExercisesXP2/exercise1_timer/index.html | Week3JavaScriptandDOM/RemoteLearningJSAndDOM/Exercises/ExercisesXP2/exercise1_timer/js/app.js,Week3JavaScriptandDOM/RemoteLearningJSAndDOM/Exercises/ExercisesXP2/exercise1_timer/index.html | Week3JavaScriptandDOM/RemoteLearningJSAndDOM/Exercises/ExercisesXP2/exercise1_timer/js/app.js,True,Week3JavaScriptandDOM/RemoteLearningJSAndDOM/Exercises/ExercisesXP2/exercise1_timer/README.md,,,unverified,unverified
Week3JavaScriptandDOM/RemoteLearningJSAndDOM/Exercises/ExercisesXP2/exercise2_move_box,exercise2_move_box,week3javascriptanddom-remotelearningjsanddom-exercises-exercisesxp2-exercise2-move-box,Review this indexed source against the official assignment; runtime behavior and Kevin's learning evidence remain unverified.,Week3JavaScriptandDOM,RemoteLearningJSAndDOM,Exercise,,CSS | HTML | JavaScript,4,6022,224,Week3JavaScriptandDOM/RemoteLearningJSAndDOM/Exercises/ExercisesXP2/exercise2_move_box/index.html | Week3JavaScriptandDOM/RemoteLearningJSAndDOM/Exercises/ExercisesXP2/exercise2_move_box/js/app.js,Week3JavaScriptandDOM/RemoteLearningJSAndDOM/Exercises/ExercisesXP2/exercise2_move_box/index.html | Week3JavaScriptandDOM/RemoteLearningJSAndDOM/Exercises/ExercisesXP2/exercise2_move_box/js/app.js,True,Week3JavaScriptandDOM/RemoteLearningJSAndDOM/Exercises/ExercisesXP2/exercise2_move_box/README.md,,,unverified,unverified
Week3JavaScriptandDOM/RemoteLearningJSAndDOM/Exercises/ExercisesXP2/exercise3_drag_drop,exercise3_drag_drop,week3javascriptanddom-remotelearningjsanddom-exercises-exercisesxp2-exercise3-drag-drop,Review this indexed source against the official assignment; runtime behavior and Kevin's learning evidence remain unverified.,Week3JavaScriptandDOM,RemoteLearningJSAndDOM,Exercise,,CSS | HTML | JavaScript,4,7105,248,Week3JavaScriptandDOM/RemoteLearningJSAndDOM/Exercises/ExercisesXP2/exercise3_drag_drop/index.html | Week3JavaScriptandDOM/RemoteLearningJSAndDOM/Exercises/ExercisesXP2/exercise3_drag_drop/js/app.js,Week3JavaScriptandDOM/RemoteLearningJSAndDOM/Exercises/ExercisesXP2/exercise3_drag_drop/index.html | Week3JavaScriptandDOM/RemoteLearningJSAndDOM/Exercises/ExercisesXP2/exercise3_drag_drop/js/app.js,True,Week3JavaScriptandDOM/RemoteLearningJSAndDOM/Exercises/ExercisesXP2/exercise3_drag_drop/README.md,,,unverified,unverified
Week4AdvAsynchronousJavaScript/Day1AdvancedArrayMethods/DailyChallenge/CarInventory,CarInventory,week4advasynchronousjavascript-day1advancedarraymethods-dailychallenge-carinventory,Review this indexed source against the official assignment; runtime behavior and Kevin's learning evidence remain unverified.,Week4AdvAsynchronousJavaScript,Day1AdvancedArrayMethods,Daily Challenge,,CSS | HTML | JavaScript,4,9445,278,Week4AdvAsynchronousJavaScript/Day1AdvancedArrayMethods/DailyChallenge/CarInventory/index.html | Week4AdvAsynchronousJavaScript/Day1AdvancedArrayMethods/DailyChallenge/CarInventory/js/app.js,Week4AdvAsynchronousJavaScript/Day1AdvancedArrayMethods/DailyChallenge/CarInventory/index.html | Week4AdvAsynchronousJavaScript/Day1AdvancedArrayMethods/DailyChallenge/CarInventory/js/app.js,True,Week4AdvAsynchronousJavaScript/Day1AdvancedArrayMethods/DailyChallenge/CarInventory/README.md,,,unverified,unverified
Week4AdvAsynchronousJavaScript/Day1AdvancedArrayMethods/DailyChallenge/GoWildcats,GoWildcats,week4advasynchronousjavascript-day1advancedarraymethods-dailychallenge-gowildcats,Review this indexed source against the official assignment; runtime behavior and Kevin's learning evidence remain unverified.,Week4AdvAsynchronousJavaScript,Day1AdvancedArrayMethods,Daily Challenge,,TypeScript,2,4335,139,Week4AdvAsynchronousJavaScript/Day1AdvancedArrayMethods/DailyChallenge/GoWildcats/GoWildcats.ts,Week4AdvAsynchronousJavaScript/Day1AdvancedArrayMethods/DailyChallenge/GoWildcats/GoWildcats.ts,True,Week4AdvAsynchronousJavaScript/Day1AdvancedArrayMethods/DailyChallenge/GoWildcats/README.md,,,unverified,unverified
Week4AdvAsynchronousJavaScript/Day1AdvancedArrayMethods/Exercises/ExercisesXP,ExercisesXP,week4advasynchronousjavascript-day1advancedarraymethods-exercises-exercisesxp,Review this indexed source against the official assignment; runtime behavior and Kevin's learning evidence remain unverified.,Week4AdvAsynchronousJavaScript,Day1AdvancedArrayMethods,Exercise,XP,CSS | HTML | JavaScript,2,8127,224,Week4AdvAsynchronousJavaScript/Day1AdvancedArrayMethods/Exercises/ExercisesXP/http_forms_json_exercises.html,Week4AdvAsynchronousJavaScript/Day1AdvancedArrayMethods/Exercises/ExercisesXP/http_forms_json_exercises.html,True,Week4AdvAsynchronousJavaScript/Day1AdvancedArrayMethods/Exercises/ExercisesXP/README.md,,,unverified,unverified
Week4AdvAsynchronousJavaScript/Day1AdvancedArrayMethods/Exercises/ExercisesXPGold,ExercisesXPGold,week4advasynchronousjavascript-day1advancedarraymethods-exercises-exercisesxpgold,Review this indexed source against the official assignment; runtime behavior and Kevin's learning evidence remain unverified.,Week4AdvAsynchronousJavaScript,Day1AdvancedArrayMethods,Exercise,XP Gold,TypeScript,2,7837,229,Week4AdvAsynchronousJavaScript/Day1AdvancedArrayMethods/Exercises/ExercisesXPGold/ArraysDestructuringXPGold.ts,Week4AdvAsynchronousJavaScript/Day1AdvancedArrayMethods/Exercises/ExercisesXPGold/ArraysDestructuringXPGold.ts,True,Week4AdvAsynchronousJavaScript/Day1AdvancedArrayMethods/Exercises/ExercisesXPGold/README.md,,,unverified,unverified
Week4AdvAsynchronousJavaScript/Day1AdvancedArrayMethods/Exercises/ExercisesXPGold2,ExercisesXPGold2,week4advasynchronousjavascript-day1advancedarraymethods-exercises-exercisesxpgold2,Review this indexed source against the official assignment; runtime behavior and Kevin's learning evidence remain unverified.,Week4AdvAsynchronousJavaScript,Day1AdvancedArrayMethods,Exercise,XP Gold,TypeScript,2,5790,183,Week4AdvAsynchronousJavaScript/Day1AdvancedArrayMethods/Exercises/ExercisesXPGold2/ArraysMethodsXPGold.ts,Week4AdvAsynchronousJavaScript/Day1AdvancedArrayMethods/Exercises/ExercisesXPGold2/ArraysMethodsXPGold.ts,True,Week4AdvAsynchronousJavaScript/Day1AdvancedArrayMethods/Exercises/ExercisesXPGold2/README.md,,,unverified,unverified
Week4AdvAsynchronousJavaScript/Day2AdvancedObjectMethods/DailyChallenge,DailyChallenge,week4advasynchronousjavascript-day2advancedobjectmethods-dailychallenge,Review this indexed source against the official assignment; runtime behavior and Kevin's learning evidence remain unverified.,Week4AdvAsynchronousJavaScript,Day2AdvancedObjectMethods,Daily Challenge,,TypeScript,2,4562,141,Week4AdvAsynchronousJavaScript/Day2AdvancedObjectMethods/DailyChallenge/VideoObjects.ts,Week4AdvAsynchronousJavaScript/Day2AdvancedObjectMethods/DailyChallenge/VideoObjects.ts,True,Week4AdvAsynchronousJavaScript/Day2AdvancedObjectMethods/DailyChallenge/README.md,,,unverified,unverified
Week4AdvAsynchronousJavaScript/Day2AdvancedObjectMethods/Exercises/ExercisesXP,ExercisesXP,week4advasynchronousjavascript-day2advancedobjectmethods-exercises-exercisesxp,Review this indexed source against the official assignment; runtime behavior and Kevin's learning evidence remain unverified.,Week4AdvAsynchronousJavaScript,Day2AdvancedObjectMethods,Exercise,XP,TypeScript,2,7183,230,Week4AdvAsynchronousJavaScript/Day2AdvancedObjectMethods/Exercises/ExercisesXP/ObjectsDestructuringClassesXP.ts,Week4AdvAsynchronousJavaScript/Day2AdvancedObjectMethods/Exercises/ExercisesXP/ObjectsDestructuringClassesXP.ts,True,Week4AdvAsynchronousJavaScript/Day2AdvancedObjectMethods/Exercises/ExercisesXP/README.md,,,unverified,unverified
Week4AdvAsynchronousJavaScript/Day3HTTPAndFormMethodGETAndPOST/DailyChallenge/HTMLForm,HTMLForm,week4advasynchronousjavascript-day3httpandformmethodgetandpost-dailychallenge-htmlform,Review this indexed source against the official assignment; runtime behavior and Kevin's learning evidence remain unverified.,Week4AdvAsynchronousJavaScript,Day3HTTPAndFormMethodGETAndPOST,Daily Challenge,,CSS | HTML | JavaScript,6,10038,339,Week4AdvAsynchronousJavaScript/Day3HTTPAndFormMethodGETAndPOST/DailyChallenge/HTMLForm/css/styles.css | Week4AdvAsynchronousJavaScript/Day3HTTPAndFormMethodGETAndPOST/DailyChallenge/HTMLForm/index.html | Week4AdvAsynchronousJavaScript/Day3HTTPAndFormMethodGETAndPOST/DailyChallenge/HTMLForm/js/app.js,Week4AdvAsynchronousJavaScript/Day3HTTPAndFormMethodGETAndPOST/DailyChallenge/HTMLForm/index.html | Week4AdvAsynchronousJavaScript/Day3HTTPAndFormMethodGETAndPOST/DailyChallenge/HTMLForm/js/app.js,True,Week4AdvAsynchronousJavaScript/Day3HTTPAndFormMethodGETAndPOST/DailyChallenge/HTMLForm/README.md,,,unverified,unverified
Week4AdvAsynchronousJavaScript/Day3HTTPAndFormMethodGETAndPOST/DailyChallenge/TrueOrFalse,TrueOrFalse,week4advasynchronousjavascript-day3httpandformmethodgetandpost-dailychallenge-trueorfalse,Review this indexed source against the official assignment; runtime behavior and Kevin's learning evidence remain unverified.,Week4AdvAsynchronousJavaScript,Day3HTTPAndFormMethodGETAndPOST,Daily Challenge,,CSS | HTML | JavaScript,4,7672,287,Week4AdvAsynchronousJavaScript/Day3HTTPAndFormMethodGETAndPOST/DailyChallenge/TrueOrFalse/app.js | Week4AdvAsynchronousJavaScript/Day3HTTPAndFormMethodGETAndPOST/DailyChallenge/TrueOrFalse/index.html | Week4AdvAsynchronousJavaScript/Day3HTTPAndFormMethodGETAndPOST/DailyChallenge/TrueOrFalse/style.css,Week4AdvAsynchronousJavaScript/Day3HTTPAndFormMethodGETAndPOST/DailyChallenge/TrueOrFalse/index.html | Week4AdvAsynchronousJavaScript/Day3HTTPAndFormMethodGETAndPOST/DailyChallenge/TrueOrFalse/app.js,True,Week4AdvAsynchronousJavaScript/Day3HTTPAndFormMethodGETAndPOST/DailyChallenge/TrueOrFalse/README.md,,,unverified,unverified
Week4AdvAsynchronousJavaScript/Day3HTTPAndFormMethodGETAndPOST/Exercises/ExercisesXP,ExercisesXP,week4advasynchronousjavascript-day3httpandformmethodgetandpost-exercises-exercisesxp,Review this indexed source against the official assignment; runtime behavior and Kevin's learning evidence remain unverified.,Week4AdvAsynchronousJavaScript,Day3HTTPAndFormMethodGETAndPOST,Exercise,XP,CSS | HTML | JavaScript,4,10328,342,Week4AdvAsynchronousJavaScript/Day3HTTPAndFormMethodGETAndPOST/Exercises/ExercisesXP/app.js | Week4AdvAsynchronousJavaScript/Day3HTTPAndFormMethodGETAndPOST/Exercises/ExercisesXP/index.html | Week4AdvAsynchronousJavaScript/Day3HTTPAndFormMethodGETAndPOST/Exercises/ExercisesXP/style.css,Week4AdvAsynchronousJavaScript/Day3HTTPAndFormMethodGETAndPOST/Exercises/ExercisesXP/index.html | Week4AdvAsynchronousJavaScript/Day3HTTPAndFormMethodGETAndPOST/Exercises/ExercisesXP/app.js,True,Week4AdvAsynchronousJavaScript/Day3HTTPAndFormMethodGETAndPOST/Exercises/ExercisesXP/README.md,,,unverified,unverified
Week4AdvAsynchronousJavaScript/Day3HTTPAndFormMethodGETAndPOST/Exercises/ExercisesXPGold,ExercisesXPGold,week4advasynchronousjavascript-day3httpandformmethodgetandpost-exercises-exercisesxpgold,Review this indexed source against the official assignment; runtime behavior and Kevin's learning evidence remain unverified.,Week4AdvAsynchronousJavaScript,Day3HTTPAndFormMethodGETAndPOST,Exercise,XP Gold,CSS | HTML | JavaScript,3,4161,135,Week4AdvAsynchronousJavaScript/Day3HTTPAndFormMethodGETAndPOST/Exercises/ExercisesXPGold/index.html | Week4AdvAsynchronousJavaScript/Day3HTTPAndFormMethodGETAndPOST/Exercises/ExercisesXPGold/result.html,Week4AdvAsynchronousJavaScript/Day3HTTPAndFormMethodGETAndPOST/Exercises/ExercisesXPGold/index.html | Week4AdvAsynchronousJavaScript/Day3HTTPAndFormMethodGETAndPOST/Exercises/ExercisesXPGold/result.html,True,Week4AdvAsynchronousJavaScript/Day3HTTPAndFormMethodGETAndPOST/Exercises/ExercisesXPGold/README.md,,,unverified,unverified
Week4AdvAsynchronousJavaScript/Day3HTTPAndFormMethodGETAndPOST/Exercises/RandomQuoteGenerator,RandomQuoteGenerator,week4advasynchronousjavascript-day3httpandformmethodgetandpost-exercises-randomquotegenerator,Review this indexed source against the official assignment; runtime behavior and Kevin's learning evidence remain unverified.,Week4AdvAsynchronousJavaScript,Day3HTTPAndFormMethodGETAndPOST,Exercise,,CSS | HTML | JavaScript,6,17467,530,Week4AdvAsynchronousJavaScript/Day3HTTPAndFormMethodGETAndPOST/Exercises/RandomQuoteGenerator/css/styles.css | Week4AdvAsynchronousJavaScript/Day3HTTPAndFormMethodGETAndPOST/Exercises/RandomQuoteGenerator/index.html | Week4AdvAsynchronousJavaScript/Day3HTTPAndFormMethodGETAndPOST/Exercises/RandomQuoteGenerator/js/app.js,Week4AdvAsynchronousJavaScript/Day3HTTPAndFormMethodGETAndPOST/Exercises/RandomQuoteGenerator/index.html | Week4AdvAsynchronousJavaScript/Day3HTTPAndFormMethodGETAndPOST/Exercises/RandomQuoteGenerator/js/app.js,True,Week4AdvAsynchronousJavaScript/Day3HTTPAndFormMethodGETAndPOST/Exercises/RandomQuoteGenerator/README.md,,,unverified,unverified
Week4AdvAsynchronousJavaScript/Day4AsynchronousJavaScript/DailyChallenge/PlayWithWords,PlayWithWords,week4advasynchronousjavascript-day4asynchronousjavascript-dailychallenge-playwithwords,Review this indexed source against the official assignment; runtime behavior and Kevin's learning evidence remain unverified.,Week4AdvAsynchronousJavaScript,Day4AsynchronousJavaScript,Daily Challenge,,CSS | HTML | JavaScript,3,10994,328,Week4AdvAsynchronousJavaScript/Day4AsynchronousJavaScript/DailyChallenge/PlayWithWords/daily_promises_morse.js | Week4AdvAsynchronousJavaScript/Day4AsynchronousJavaScript/DailyChallenge/PlayWithWords/index_daily_challenges.html,Week4AdvAsynchronousJavaScript/Day4AsynchronousJavaScript/DailyChallenge/PlayWithWords/index_daily_challenges.html,True,Week4AdvAsynchronousJavaScript/Day4AsynchronousJavaScript/DailyChallenge/PlayWithWords/README.md,,,unverified,unverified
Week4AdvAsynchronousJavaScript/Day4AsynchronousJavaScript/Exercises/ExercisesXP,ExercisesXP,week4advasynchronousjavascript-day4asynchronousjavascript-exercises-exercisesxp,Review this indexed source against the official assignment; runtime behavior and Kevin's learning evidence remain unverified.,Week4AdvAsynchronousJavaScript,Day4AsynchronousJavaScript,Exercise,XP,CSS | HTML | JavaScript,3,6644,205,Week4AdvAsynchronousJavaScript/Day4AsynchronousJavaScript/Exercises/ExercisesXP/index_promises.html | Week4AdvAsynchronousJavaScript/Day4AsynchronousJavaScript/Exercises/ExercisesXP/promises.js,Week4AdvAsynchronousJavaScript/Day4AsynchronousJavaScript/Exercises/ExercisesXP/index_promises.html,True,Week4AdvAsynchronousJavaScript/Day4AsynchronousJavaScript/Exercises/ExercisesXP/README.md,,,unverified,unverified
Week4AdvAsynchronousJavaScript/Day5FetchAndAsyncAwait/Exercises/ExercisesXP,ExercisesXP,week4advasynchronousjavascript-day5fetchandasyncawait-exercises-exercisesxp,Review this indexed source against the official assignment; runtime behavior and Kevin's learning evidence remain unverified.,Week4AdvAsynchronousJavaScript,Day5FetchAndAsyncAwait,Exercise,XP,CSS | HTML | JavaScript,7,13587,403,Week4AdvAsynchronousJavaScript/Day5FetchAndAsyncAwait/Exercises/ExercisesXP/css/styles.css | Week4AdvAsynchronousJavaScript/Day5FetchAndAsyncAwait/Exercises/ExercisesXP/index.html | Week4AdvAsynchronousJavaScript/Day5FetchAndAsyncAwait/Exercises/ExercisesXP/js/app.js | Week4AdvAsynchronousJavaScript/Day5FetchAndAsyncAwait/Exercises/ExercisesXP/js/config.example.js,Week4AdvAsynchronousJavaScript/Day5FetchAndAsyncAwait/Exercises/ExercisesXP/index.html | Week4AdvAsynchronousJavaScript/Day5FetchAndAsyncAwait/Exercises/ExercisesXP/js/app.js,True,Week4AdvAsynchronousJavaScript/Day5FetchAndAsyncAwait/Exercises/ExercisesXP/README.md,,,unverified,unverified
Week5MiniProjectAndTypeScript/Day1MiniProject/DailyChallenge/CurrencyConverter,CurrencyConverter,week5miniprojectandtypescript-day1miniproject-dailychallenge-currencyconverter,Review this indexed source against the official assignment; runtime behavior and Kevin's learning evidence remain unverified.,Week5MiniProjectAndTypeScript,Day1MiniProject,Daily Challenge,,CSS | HTML | JavaScript,3,26468,911,Week5MiniProjectAndTypeScript/Day1MiniProject/DailyChallenge/CurrencyConverter/config.example.js | Week5MiniProjectAndTypeScript/Day1MiniProject/DailyChallenge/CurrencyConverter/index.html,Week5MiniProjectAndTypeScript/Day1MiniProject/DailyChallenge/CurrencyConverter/index.html,True,Week5MiniProjectAndTypeScript/Day1MiniProject/DailyChallenge/CurrencyConverter/README.md,,,unverified,unverified
Week5MiniProjectAndTypeScript/Day1MiniProject/Exercises/Pokedex,Pokedex,week5miniprojectandtypescript-day1miniproject-exercises-pokedex,Review this indexed source against the official assignment; runtime behavior and Kevin's learning evidence remain unverified.,Week5MiniProjectAndTypeScript,Day1MiniProject,Mini Project,,CSS | HTML | JavaScript,2,28317,988,Week5MiniProjectAndTypeScript/Day1MiniProject/Exercises/Pokedex/index.html,Week5MiniProjectAndTypeScript/Day1MiniProject/Exercises/Pokedex/index.html,True,Week5MiniProjectAndTypeScript/Day1MiniProject/Exercises/Pokedex/README.md,,,unverified,unverified
Week5MiniProjectAndTypeScript/Day1MiniProject/StarWarsWebApp,StarWarsWebApp,week5miniprojectandtypescript-day1miniproject-starwarswebapp,Review this indexed source against the official assignment; runtime behavior and Kevin's learning evidence remain unverified.,Week5MiniProjectAndTypeScript,Day1MiniProject,Mini Project,,CSS | HTML | JavaScript,2,17618,587,Week5MiniProjectAndTypeScript/Day1MiniProject/StarWarsWebApp/index.html,Week5MiniProjectAndTypeScript/Day1MiniProject/StarWarsWebApp/index.html,True,Week5MiniProjectAndTypeScript/Day1MiniProject/StarWarsWebApp/README.md,,,unverified,unverified
Week5MiniProjectAndTypeScript/Day2IntroductionToTypeScriptAndKeyConcepts/DailyChallenge/UnionTypeValidator,UnionTypeValidator,week5miniprojectandtypescript-day2introductiontotypescriptandkeyconcepts-dailychallenge-uniontypevalidator,Review this indexed source against the official assignment; runtime behavior and Kevin's learning evidence remain unverified.,Week5MiniProjectAndTypeScript,Day2IntroductionToTypeScriptAndKeyConcepts,Daily Challenge,,JSON | TypeScript,6,20674,710,Week5MiniProjectAndTypeScript/Day2IntroductionToTypeScriptAndKeyConcepts/DailyChallenge/UnionTypeValidator/src/index.ts,Week5MiniProjectAndTypeScript/Day2IntroductionToTypeScriptAndKeyConcepts/DailyChallenge/UnionTypeValidator/src/index.ts,True,Week5MiniProjectAndTypeScript/Day2IntroductionToTypeScriptAndKeyConcepts/DailyChallenge/UnionTypeValidator/README.md,,,unverified,unverified
Week5MiniProjectAndTypeScript/Day2IntroductionToTypeScriptAndKeyConcepts/Exercises/ExercisesXP,ExercisesXP,week5miniprojectandtypescript-day2introductiontotypescriptandkeyconcepts-exercises-exercisesxp,Review this indexed source against the official assignment; runtime behavior and Kevin's learning evidence remain unverified.,Week5MiniProjectAndTypeScript,Day2IntroductionToTypeScriptAndKeyConcepts,Exercise,XP,TypeScript,2,6773,212,Week5MiniProjectAndTypeScript/Day2IntroductionToTypeScriptAndKeyConcepts/Exercises/ExercisesXP/ExercisesXP_Basics.ts,Week5MiniProjectAndTypeScript/Day2IntroductionToTypeScriptAndKeyConcepts/Exercises/ExercisesXP/ExercisesXP_Basics.ts,True,Week5MiniProjectAndTypeScript/Day2IntroductionToTypeScriptAndKeyConcepts/Exercises/ExercisesXP/README.md,,,unverified,unverified
Week5MiniProjectAndTypeScript/Day3AdvancedTypeScriptConceptsAndApplications/DailyChallenge,DailyChallenge,week5miniprojectandtypescript-day3advancedtypescriptconceptsandapplications-dailychallenge,Review this indexed source against the official assignment; runtime behavior and Kevin's learning evidence remain unverified.,Week5MiniProjectAndTypeScript,Day3AdvancedTypeScriptConceptsAndApplications,Daily Challenge,,TypeScript,2,5435,180,Week5MiniProjectAndTypeScript/Day3AdvancedTypeScriptConceptsAndApplications/DailyChallenge/LibrarySystem.ts,Week5MiniProjectAndTypeScript/Day3AdvancedTypeScriptConceptsAndApplications/DailyChallenge/LibrarySystem.ts,True,Week5MiniProjectAndTypeScript/Day3AdvancedTypeScriptConceptsAndApplications/DailyChallenge/README.md,,,unverified,unverified
Week5MiniProjectAndTypeScript/Day3AdvancedTypeScriptConceptsAndApplications/Exercises/ExercisesXP,ExercisesXP,week5miniprojectandtypescript-day3advancedtypescriptconceptsandapplications-exercises-exercisesxp,Review this indexed source against the official assignment; runtime behavior and Kevin's learning evidence remain unverified.,Week5MiniProjectAndTypeScript,Day3AdvancedTypeScriptConceptsAndApplications,Exercise,XP,TypeScript,2,6442,219,Week5MiniProjectAndTypeScript/Day3AdvancedTypeScriptConceptsAndApplications/Exercises/ExercisesXP/ExercisesXP_OOP.ts,Week5MiniProjectAndTypeScript/Day3AdvancedTypeScriptConceptsAndApplications/Exercises/ExercisesXP/ExercisesXP_OOP.ts,True,Week5MiniProjectAndTypeScript/Day3AdvancedTypeScriptConceptsAndApplications/Exercises/ExercisesXP/README.md,,,unverified,unverified
Week5MiniProjectAndTypeScript/Day4AdvancedTypeScriptConceptsAndApplications/DailyChallenge,DailyChallenge,week5miniprojectandtypescript-day4advancedtypescriptconceptsandapplications-dailychallenge,Review this indexed source against the official assignment; runtime behavior and Kevin's learning evidence remain unverified.,Week5MiniProjectAndTypeScript,Day4AdvancedTypeScriptConceptsAndApplications,Daily Challenge,,TypeScript,3,4842,166,Week5MiniProjectAndTypeScript/Day4AdvancedTypeScriptConceptsAndApplications/DailyChallenge/TypeGuardUnion.ts,Week5MiniProjectAndTypeScript/Day4AdvancedTypeScriptConceptsAndApplications/DailyChallenge/TypeGuardUnion.ts,True,Week5MiniProjectAndTypeScript/Day4AdvancedTypeScriptConceptsAndApplications/DailyChallenge/README.md,,,unverified,unverified
Week5MiniProjectAndTypeScript/Day4AdvancedTypeScriptConceptsAndApplications/Exercises/ExercisesXP,ExercisesXP,week5miniprojectandtypescript-day4advancedtypescriptconceptsandapplications-exercises-exercisesxp,Review this indexed source against the official assignment; runtime behavior and Kevin's learning evidence remain unverified.,Week5MiniProjectAndTypeScript,Day4AdvancedTypeScriptConceptsAndApplications,Exercise,XP,TypeScript,3,5752,184,Week5MiniProjectAndTypeScript/Day4AdvancedTypeScriptConceptsAndApplications/Exercises/ExercisesXP/ExercisesXP.ts,Week5MiniProjectAndTypeScript/Day4AdvancedTypeScriptConceptsAndApplications/Exercises/ExercisesXP/ExercisesXP.ts,True,Week5MiniProjectAndTypeScript/Day4AdvancedTypeScriptConceptsAndApplications/Exercises/ExercisesXP/README.md,,,unverified,unverified
Week5MiniProjectAndTypeScript/Day4AdvancedTypeScriptConceptsAndApplications/Exercises/ExercisesXPGold,ExercisesXPGold,week5miniprojectandtypescript-day4advancedtypescriptconceptsandapplications-exercises-exercisesxpgold,Review this indexed source against the official assignment; runtime behavior and Kevin's learning evidence remain unverified.,Week5MiniProjectAndTypeScript,Day4AdvancedTypeScriptConceptsAndApplications,Exercise,XP Gold,TypeScript,3,6981,248,Week5MiniProjectAndTypeScript/Day4AdvancedTypeScriptConceptsAndApplications/Exercises/ExercisesXPGold/ExercisesXPGold.ts,Week5MiniProjectAndTypeScript/Day4AdvancedTypeScriptConceptsAndApplications/Exercises/ExercisesXPGold/ExercisesXPGold.ts,True,Week5MiniProjectAndTypeScript/Day4AdvancedTypeScriptConceptsAndApplications/Exercises/ExercisesXPGold/README.md,,,unverified,unverified
Week6DatabasesAndNodejs/Day1IntroductionToDatabases/Exercises/ExercisesXP,ExercisesXP,week6databasesandnodejs-day1introductiontodatabases-exercises-exercisesxp,Review this indexed source against the official assignment; runtime behavior and Kevin's learning evidence remain unverified.,Week6DatabasesAndNodejs,Day1IntroductionToDatabases,Exercise,XP,SQL,4,7444,230,Week6DatabasesAndNodejs/Day1IntroductionToDatabases/Exercises/ExercisesXP/items_customers.sql,Week6DatabasesAndNodejs/Day1IntroductionToDatabases/Exercises/ExercisesXP/items_customers.sql,True,Week6DatabasesAndNodejs/Day1IntroductionToDatabases/Exercises/ExercisesXP/README.md,,,unverified,unverified
Week6DatabasesAndNodejs/Day1IntroductionToDatabases/Exercises/ExercisesXPGold,ExercisesXPGold,week6databasesandnodejs-day1introductiontodatabases-exercises-exercisesxpgold,Review this indexed source against the official assignment; runtime behavior and Kevin's learning evidence remain unverified.,Week6DatabasesAndNodejs,Day1IntroductionToDatabases,Exercise,XP Gold,SQL,3,4223,136,Week6DatabasesAndNodejs/Day1IntroductionToDatabases/Exercises/ExercisesXPGold/exercisesxpgold.sql,Week6DatabasesAndNodejs/Day1IntroductionToDatabases/Exercises/ExercisesXPGold/exercisesxpgold.sql,True,Week6DatabasesAndNodejs/Day1IntroductionToDatabases/Exercises/ExercisesXPGold/README.md,,,unverified,unverified
Week6DatabasesAndNodejs/Day1IntroductionToDatabases/Exercises/ExercisesXPPlus,ExercisesXPPlus,week6databasesandnodejs-day1introductiontodatabases-exercises-exercisesxpplus,Review this indexed source against the official assignment; runtime behavior and Kevin's learning evidence remain unverified.,Week6DatabasesAndNodejs,Day1IntroductionToDatabases,Exercise,XP Plus,SQL,3,6574,190,Week6DatabasesAndNodejs/Day1IntroductionToDatabases/Exercises/ExercisesXPPlus/exercisesxpplus.sql,Week6DatabasesAndNodejs/Day1IntroductionToDatabases/Exercises/ExercisesXPPlus/exercisesxpplus.sql,True,Week6DatabasesAndNodejs/Day1IntroductionToDatabases/Exercises/ExercisesXPPlus/README.md,,,unverified,unverified
Week6DatabasesAndNodejs/Day2DatabaseConcepts1/Exercises/ExercisesXP,ExercisesXP,week6databasesandnodejs-day2databaseconcepts1-exercises-exercisesxp,Review this indexed source against the official assignment; runtime behavior and Kevin's learning evidence remain unverified.,Week6DatabasesAndNodejs,Day2DatabaseConcepts1,Exercise,XP,SQL,2,6630,213,Week6DatabasesAndNodejs/Day2DatabaseConcepts1/Exercises/ExercisesXP/xp_sql_answers.sql,Week6DatabasesAndNodejs/Day2DatabaseConcepts1/Exercises/ExercisesXP/xp_sql_answers.sql,True,Week6DatabasesAndNodejs/Day2DatabaseConcepts1/Exercises/ExercisesXP/README.md,,,unverified,unverified
Week6DatabasesAndNodejs/Day3DatabaseConcepts2/Exercises/ExercisesXP,ExercisesXP,week6databasesandnodejs-day3databaseconcepts2-exercises-exercisesxp,Review this indexed source against the official assignment; runtime behavior and Kevin's learning evidence remain unverified.,Week6DatabasesAndNodejs,Day3DatabaseConcepts2,Exercise,XP,SQL,2,8362,232,Week6DatabasesAndNodejs/Day3DatabaseConcepts2/Exercises/ExercisesXP/xp_dvdrental_relationships.sql,Week6DatabasesAndNodejs/Day3DatabaseConcepts2/Exercises/ExercisesXP/xp_dvdrental_relationships.sql,True,Week6DatabasesAndNodejs/Day3DatabaseConcepts2/Exercises/ExercisesXP/README.md,,,unverified,unverified
Week6DatabasesAndNodejs/Day3DatabaseConcepts2/Exercises/ExercisesXPGold,ExercisesXPGold,week6databasesandnodejs-day3databaseconcepts2-exercises-exercisesxpgold,Review this indexed source against the official assignment; runtime behavior and Kevin's learning evidence remain unverified.,Week6DatabasesAndNodejs,Day3DatabaseConcepts2,Exercise,XP Gold,SQL,2,9012,246,Week6DatabasesAndNodejs/Day3DatabaseConcepts2/Exercises/ExercisesXPGold/xp_gold_dvdrental.sql,Week6DatabasesAndNodejs/Day3DatabaseConcepts2/Exercises/ExercisesXPGold/xp_gold_dvdrental.sql,True,Week6DatabasesAndNodejs/Day3DatabaseConcepts2/Exercises/ExercisesXPGold/README.md,,,unverified,unverified
Week6DatabasesAndNodejs/Day4NodejsIntroduction/DailyChallenge/NodejsAppAndNPM,NodejsAppAndNPM,week6databasesandnodejs-day4nodejsintroduction-dailychallenge-nodejsappandnpm,Review this indexed source against the official assignment; runtime behavior and Kevin's learning evidence remain unverified.,Week6DatabasesAndNodejs,Day4NodejsIntroduction,Daily Challenge,,JSON | JavaScript,15,12246,431,Week6DatabasesAndNodejs/Day4NodejsIntroduction/DailyChallenge/NodejsAppAndNPM/challenge.js | Week6DatabasesAndNodejs/Day4NodejsIntroduction/DailyChallenge/NodejsAppAndNPM/colorful-message.js | Week6DatabasesAndNodejs/Day4NodejsIntroduction/DailyChallenge/NodejsAppAndNPM/greeting.js | Week6DatabasesAndNodejs/Day4NodejsIntroduction/DailyChallenge/NodejsAppAndNPM/read-file.js | Week6DatabasesAndNodejs/Day4NodejsIntroduction/DailyChallenge/NodejsAppAndNPM/task-1/app.js | Week6DatabasesAndNodejs/Day4NodejsIntroduction/DailyChallenge/NodejsAppAndNPM/task-2/app.js | Week6DatabasesAndNodejs/Day4NodejsIntroduction/DailyChallenge/NodejsAppAndNPM/task-3/app.js,Week6DatabasesAndNodejs/Day4NodejsIntroduction/DailyChallenge/NodejsAppAndNPM/challenge.js | Week6DatabasesAndNodejs/Day4NodejsIntroduction/DailyChallenge/NodejsAppAndNPM/task-1/app.js | Week6DatabasesAndNodejs/Day4NodejsIntroduction/DailyChallenge/NodejsAppAndNPM/task-2/app.js | Week6DatabasesAndNodejs/Day4NodejsIntroduction/DailyChallenge/NodejsAppAndNPM/task-3/app.js,True,Week6DatabasesAndNodejs/Day4NodejsIntroduction/DailyChallenge/NodejsAppAndNPM/README.md,,,unverified,unverified
Week6DatabasesAndNodejs/Day4NodejsIntroduction/Exercises/ExercisesXP/exercise-1-commonjs-products,exercise-1-commonjs-products,week6databasesandnodejs-day4nodejsintroduction-exercises-exercisesxp-exercise-1-commonjs-products,Review this indexed source against the official assignment; runtime behavior and Kevin's learning evidence remain unverified.,Week6DatabasesAndNodejs,Day4NodejsIntroduction,Exercise,XP,JSON | JavaScript,4,4579,157,Week6DatabasesAndNodejs/Day4NodejsIntroduction/Exercises/ExercisesXP/exercise-1-commonjs-products/products.js | Week6DatabasesAndNodejs/Day4NodejsIntroduction/Exercises/ExercisesXP/exercise-1-commonjs-products/shop.js,Week6DatabasesAndNodejs/Day4NodejsIntroduction/Exercises/ExercisesXP/exercise-1-commonjs-products/shop.js,True,Week6DatabasesAndNodejs/Day4NodejsIntroduction/Exercises/ExercisesXP/exercise-1-commonjs-products/README.md,,,unverified,unverified
Week6DatabasesAndNodejs/Day4NodejsIntroduction/Exercises/ExercisesXP/exercise-2-esm-average-age,exercise-2-esm-average-age,week6databasesandnodejs-day4nodejsintroduction-exercises-exercisesxp-exercise-2-esm-average-age,Review this indexed source against the official assignment; runtime behavior and Kevin's learning evidence remain unverified.,Week6DatabasesAndNodejs,Day4NodejsIntroduction,Exercise,XP,JSON | JavaScript,4,4011,140,Week6DatabasesAndNodejs/Day4NodejsIntroduction/Exercises/ExercisesXP/exercise-2-esm-average-age/app.js | Week6DatabasesAndNodejs/Day4NodejsIntroduction/Exercises/ExercisesXP/exercise-2-esm-average-age/data.js,Week6DatabasesAndNodejs/Day4NodejsIntroduction/Exercises/ExercisesXP/exercise-2-esm-average-age/app.js,True,Week6DatabasesAndNodejs/Day4NodejsIntroduction/Exercises/ExercisesXP/exercise-2-esm-average-age/README.md,,,unverified,unverified
Week6DatabasesAndNodejs/Day4NodejsIntroduction/Exercises/ExercisesXP/exercise-3-file-manager-commonjs,exercise-3-file-manager-commonjs,week6databasesandnodejs-day4nodejsintroduction-exercises-exercisesxp-exercise-3-file-manager-commonjs,Review this indexed source against the official assignment; runtime behavior and Kevin's learning evidence remain unverified.,Week6DatabasesAndNodejs,Day4NodejsIntroduction,Exercise,XP,JSON | JavaScript,6,4581,158,Week6DatabasesAndNodejs/Day4NodejsIntroduction/Exercises/ExercisesXP/exercise-3-file-manager-commonjs/app.js | Week6DatabasesAndNodejs/Day4NodejsIntroduction/Exercises/ExercisesXP/exercise-3-file-manager-commonjs/fileManager.js,Week6DatabasesAndNodejs/Day4NodejsIntroduction/Exercises/ExercisesXP/exercise-3-file-manager-commonjs/app.js,True,Week6DatabasesAndNodejs/Day4NodejsIntroduction/Exercises/ExercisesXP/exercise-3-file-manager-commonjs/README.md,,,unverified,unverified
Week6DatabasesAndNodejs/Day4NodejsIntroduction/Exercises/ExercisesXP/exercise-4-esm-todo,exercise-4-esm-todo,week6databasesandnodejs-day4nodejsintroduction-exercises-exercisesxp-exercise-4-esm-todo,Review this indexed source against the official assignment; runtime behavior and Kevin's learning evidence remain unverified.,Week6DatabasesAndNodejs,Day4NodejsIntroduction,Exercise,XP,JSON | JavaScript,5,6202,234,Week6DatabasesAndNodejs/Day4NodejsIntroduction/Exercises/ExercisesXP/exercise-4-esm-todo/todoApp/app.js | Week6DatabasesAndNodejs/Day4NodejsIntroduction/Exercises/ExercisesXP/exercise-4-esm-todo/todoApp/todo.js,Week6DatabasesAndNodejs/Day4NodejsIntroduction/Exercises/ExercisesXP/exercise-4-esm-todo/todoApp/app.js,True,Week6DatabasesAndNodejs/Day4NodejsIntroduction/Exercises/ExercisesXP/exercise-4-esm-todo/README.md,,,unverified,unverified
Week6DatabasesAndNodejs/Day4NodejsIntroduction/Exercises/ExercisesXP/exercise-5-math-app,exercise-5-math-app,week6databasesandnodejs-day4nodejsintroduction-exercises-exercisesxp-exercise-5-math-app,Review this indexed source against the official assignment; runtime behavior and Kevin's learning evidence remain unverified.,Week6DatabasesAndNodejs,Day4NodejsIntroduction,Exercise,XP,JSON | JavaScript,5,5834,208,Week6DatabasesAndNodejs/Day4NodejsIntroduction/Exercises/ExercisesXP/exercise-5-math-app/math-app/app.js | Week6DatabasesAndNodejs/Day4NodejsIntroduction/Exercises/ExercisesXP/exercise-5-math-app/math-app/math.js,Week6DatabasesAndNodejs/Day4NodejsIntroduction/Exercises/ExercisesXP/exercise-5-math-app/math-app/app.js,True,Week6DatabasesAndNodejs/Day4NodejsIntroduction/Exercises/ExercisesXP/exercise-5-math-app/README.md,,,unverified,unverified
Week6DatabasesAndNodejs/Day4NodejsIntroduction/Exercises/ExercisesXP/exercise-6-npm-beginner-chalk,exercise-6-npm-beginner-chalk,week6databasesandnodejs-day4nodejsintroduction-exercises-exercisesxp-exercise-6-npm-beginner-chalk,Review this indexed source against the official assignment; runtime behavior and Kevin's learning evidence remain unverified.,Week6DatabasesAndNodejs,Day4NodejsIntroduction,Exercise,XP,JSON | JavaScript,4,5448,183,Week6DatabasesAndNodejs/Day4NodejsIntroduction/Exercises/ExercisesXP/exercise-6-npm-beginner-chalk/npm-beginner/app.js,Week6DatabasesAndNodejs/Day4NodejsIntroduction/Exercises/ExercisesXP/exercise-6-npm-beginner-chalk/npm-beginner/app.js,True,Week6DatabasesAndNodejs/Day4NodejsIntroduction/Exercises/ExercisesXP/exercise-6-npm-beginner-chalk/README.md,,,unverified,unverified
Week6DatabasesAndNodejs/Day4NodejsIntroduction/Exercises/ExercisesXP/exercise-7-file-explorer,exercise-7-file-explorer,week6databasesandnodejs-day4nodejsintroduction-exercises-exercisesxp-exercise-7-file-explorer,Review this indexed source against the official assignment; runtime behavior and Kevin's learning evidence remain unverified.,Week6DatabasesAndNodejs,Day4NodejsIntroduction,Exercise,XP,JSON | JavaScript,6,5632,199,Week6DatabasesAndNodejs/Day4NodejsIntroduction/Exercises/ExercisesXP/exercise-7-file-explorer/file-explorer/copy-file.js | Week6DatabasesAndNodejs/Day4NodejsIntroduction/Exercises/ExercisesXP/exercise-7-file-explorer/file-explorer/read-directory.js,Week6DatabasesAndNodejs/Day4NodejsIntroduction/Exercises/ExercisesXP/exercise-7-file-explorer/file-explorer/read-directory.js | Week6DatabasesAndNodejs/Day4NodejsIntroduction/Exercises/ExercisesXP/exercise-7-file-explorer/file-explorer/copy-file.js,True,Week6DatabasesAndNodejs/Day4NodejsIntroduction/Exercises/ExercisesXP/exercise-7-file-explorer/README.md,,,unverified,unverified
